index,school_type,region,gender,grade,counselling_purpose,question1,question2,question3,question4,question5,question6
S-0155,초등학교,경기도 성남시,여,상,학교 진로 상담 참여,4,3,4,4,5,3
S-0157,초등학교,경기도 성남시,남,상,학교 진로 상담 참여,4,2,3,2,4,2
S-0170,초등학교,경기도 성남시,남,상,학교 진로 상담 참여,4,4,3,3,2,1
S-0188,초등학교,경기도 성남시,남,중,학교 진로 상담 참여,3,2,2,2,2,2
S-0219,초등학교,경기도 성남시,여,상,학교 진로 상담 참여,2,1,3,2,2,3
S-0225,초등학교,경기도 성남시,여,상,학교 진로 상담 참여,5,4,4,4,5,5
S-0242,초등학교,경기도 성남시,여,중,학교 진로 상담 참여,4,2,3,2,4,3
S-0246,초등학교,경기도 성남시,여,하,학교 진로 상담 참여,4,4,3,3,5,4
S-0248,초등학교,경기도 성남시,여,중,학교 진로 상담 참여,3,3,4,2,5,1
S-0252,초등학교,경기도 성남시,여,하,학교 진로 상담 참여,4,2,3,2,5,3
S-0254,초등학교,경기도 성남시,남,중,학교 진로 상담 참여,5,5,5,5,5,5
S-0262,초등학교,경기도 성남시,남,하,학교 진로 상담 참여,5,5,5,5,5,5
S-0272,초등학교,경기도 성남시,여,중,학교 진로 상담 참여,4,4,3,3,4,3
S-0279,초등학교,경기도 성남시,여,상,학교 진로 상담 참여,5,4,3,2,4,3
S-0281,초등학교,경기도 성남시,남,중,학교 진로 상담 참여,5,5,1,1,5,5
S-0305,초등학교,경기도 성남시,여,하,학교 진로 상담 참여,4,3,5,4,5,4
S-0310,초등학교,경기도 성남시,남,중,학교 진로 상담 참여,4,3,2,3,2,4
S-0320,초등학교,경기도 성남시,여,하,학교 진로 상담 참여,5,5,5,1,5,5
S-0325,초등학교,경기도 성남시,여,상,학교 진로 상담 참여,4,4,4,3,3,5
S-0326,초등학교,경기도 성남시,남,하,학교 진로 상담 참여,3,4,4,2,4,3
S-0535,초등학교,경기도 성남시,남,중,학교 진로 상담 참여,5,5,4,5,4,4
S-0552,초등학교,경기도 성남시,남,상,학교 진로 상담 참여,4,4,3,3,4,2
S-0576,초등학교,경기도 성남시,남,상,학교 진로 상담 참여,4,2,4,4,2,4
S-0579,초등학교,경기도 성남시,여,하,학교 진로 상담 참여,5,5,3,3,5,4
S-0604,초등학교,경기도 성남시,여,하,학교 진로 상담 참여,5,4,3,2,2,4
S-0610,초등학교,경기도 성남시,남,중,학교 진로 상담 참여,4,3,4,2,4,4
S-0613,초등학교,경기도 성남시,남,상,학교 진로 상담 참여,4,3,4,2,5,4
S-0615,초등학교,경기도 성남시,남,상,학교 진로 상담 참여,3,1,5,3,1,4
S-0616,초등학교,경기도 성남시,여,상,학교 진로 상담 참여,4,4,2,2,3,3
S-0622,초등학교,경기도 성남시,남,중,학교 진로 상담 참여,3,3,3,3,3,4
S-0648,초등학교,경기도 성남시,무응답,상,학교 진로 상담 참여,1,2,4,3,1,4
S-0650,초등학교,경기도 성남시,무응답,상,학교 진로 상담 참여,5,4,1,2,1,1
S-0652,초등학교,경기도 성남시,무응답,상,학교 진로 상담 참여,3,4,2,2,5,5
S-0654,초등학교,경기도 성남시,무응답,중,학교 진로 상담 참여,2,1,4,5,4,5
S-0655,초등학교,경기도 성남시,무응답,중,학교 진로 상담 참여,4,2,2,1,1,4
S-0656,초등학교,경기도 성남시,무응답,하,학교 진로 상담 참여,4,3,2,2,4,4
S-0657,초등학교,경기도 성남시,무응답,상,학교 진로 상담 참여,2,4,5,2,4,4
S-0659,초등학교,경기도 성남시,무응답,상,학교 진로 상담 참여,5,3,4,5,5,2
S-0660,초등학교,경기도 성남시,무응답,하,학교 진로 상담 참여,3,1,4,3,3,5
S-0661,초등학교,경기도 성남시,무응답,하,학교 진로 상담 참여,1,3,4,3,1,5
S-0662,초등학교,경기도 성남시,무응답,중,학교 진로 상담 참여,1,1,2,4,4,2
S-0719,초등학교,경기도 성남시,무응답,하,학교 진로 상담 참여,1,4,2,4,1,5
S-0720,초등학교,경기도 성남시,무응답,하,학교 진로 상담 참여,2,4,1,3,4,4
S-0722,초등학교,경기도 성남시,무응답,상,학교 진로 상담 참여,5,3,4,1,5,1
S-0775,초등학교,경기도 성남시,무응답,하,학교 진로 상담 참여,1,1,4,1,4,3
S-0778,초등학교,경기도 성남시,무응답,상,학교 진로 상담 참여,4,3,2,3,2,1
S-0781,초등학교,경기도 성남시,무응답,하,학교 진로 상담 참여,2,3,2,4,5,5
S-0782,초등학교,경기도 성남시,무응답,하,학교 진로 상담 참여,2,3,1,2,3,3
S-0784,초등학교,경기도 성남시,무응답,상,학교 진로 상담 참여,1,1,5,5,5,5
S-0881,초등학교,경기도 성남시,무응답,하,학교 진로 상담 참여,5,4,2,3,3,3
S-1026,초등학교,경기도 성남시,무응답,중,학교 진로 상담 참여,1,5,4,2,4,3
S-1028,초등학교,경기도 성남시,무응답,중,학교 진로 상담 참여,4,3,5,2,5,1
S-1034,초등학교,경기도 성남시,무응답,하,학교 진로 상담 참여,4,1,1,4,5,4
S-1039,초등학교,경기도 성남시,무응답,중,학교 진로 상담 참여,2,1,2,2,1,3
S-1042,초등학교,경기도 성남시,무응답,중,학교 진로 상담 참여,3,1,4,5,1,2
S-1097,초등학교,경기도 성남시,무응답,하,학교 진로 상담 참여,4,1,3,3,3,4
S-1103,초등학교,경기도 성남시,무응답,중,학교 진로 상담 참여,2,1,3,3,4,5
S-1104,초등학교,경기도 성남시,무응답,하,학교 진로 상담 참여,4,3,2,2,5,3
S-1105,초등학교,경기도 성남시,무응답,상,학교 진로 상담 참여,3,4,1,3,4,2
S-1108,초등학교,경기도 성남시,무응답,하,학교 진로 상담 참여,4,5,3,1,2,4
S-1109,초등학교,경기도 성남시,무응답,하,학교 진로 상담 참여,4,1,4,3,2,2
S-1110,초등학교,경기도 성남시,무응답,상,학교 진로 상담 참여,2,5,3,2,2,1
S-1112,초등학교,경기도 성남시,무응답,하,학교 진로 상담 참여,5,5,3,4,5,3
S-1114,초등학교,경기도 성남시,무응답,상,학교 진로 상담 참여,2,4,1,2,2,4
S-1116,초등학교,경기도 성남시,무응답,상,학교 진로 상담 참여,2,5,1,5,3,1
S-1119,초등학교,경기도 성남시,무응답,중,학교 진로 상담 참여,5,2,3,2,3,1
S-1277,초등학교,경기도 성남시,무응답,중,학교 진로 상담 참여,1,5,2,5,3,1
S-1281,초등학교,경기도 성남시,무응답,중,학교 진로 상담 참여,1,1,4,5,5,1
S-1282,초등학교,경기도 성남시,무응답,상,학교 진로 상담 참여,1,5,1,4,5,5
S-1288,초등학교,경기도 성남시,무응답,중,학교 진로 상담 참여,1,2,1,3,3,5
S-1298,초등학교,경기도 성남시,무응답,중,학교 진로 상담 참여,3,5,4,2,5,3
S-1302,초등학교,경기도 성남시,무응답,중,학교 진로 상담 참여,3,1,1,4,5,2
S-1379,초등학교,경기도 성남시,무응답,하,학교 진로 상담 참여,5,4,3,1,5,1
S-1380,초등학교,경기도 성남시,무응답,하,학교 진로 상담 참여,4,5,4,4,2,1
S-1381,초등학교,경기도 성남시,무응답,하,학교 진로 상담 참여,3,4,4,4,2,4
S-1382,초등학교,경기도 성남시,무응답,하,학교 진로 상담 참여,2,4,5,3,3,5
S-1455,초등학교,경기도 성남시,무응답,상,학교 진로 상담 참여,4,3,4,2,4,5
S-1456,초등학교,경기도 성남시,무응답,하,학교 진로 상담 참여,5,5,2,3,4,4
S-1457,초등학교,경기도 성남시,무응답,상,학교 진로 상담 참여,5,1,1,5,4,3
S-1459,초등학교,경기도 성남시,무응답,상,학교 진로 상담 참여,5,1,1,2,4,5
S-1490,초등학교,경기도 성남시,무응답,중,학교 진로 상담 참여,2,2,1,5,1,5
S-1491,초등학교,경기도 성남시,무응답,하,학교 진로 상담 참여,2,1,5,1,2,1
S-1493,초등학교,경기도 성남시,무응답,중,학교 진로 상담 참여,4,5,5,4,4,5
S-1495,초등학교,경기도 성남시,무응답,중,학교 진로 상담 참여,4,4,5,4,5,4
S-1537,초등학교,경기도 성남시,무응답,중,학교 진로 상담 참여,3,1,3,4,3,5
S-1541,초등학교,경기도 성남시,무응답,중,학교 진로 상담 참여,3,3,4,4,1,3
S-1555,초등학교,경기도 성남시,무응답,상,학교 진로 상담 참여,2,3,1,2,4,5
S-1556,초등학교,경기도 성남시,무응답,중,학교 진로 상담 참여,5,1,3,3,4,3
S-1558,초등학교,경기도 성남시,무응답,상,학교 진로 상담 참여,5,5,5,3,3,1
S-1565,초등학교,경기도 성남시,무응답,중,학교 진로 상담 참여,5,2,5,3,5,4
S-1566,초등학교,경기도 성남시,무응답,중,학교 진로 상담 참여,1,5,1,4,3,3
S-1567,초등학교,경기도 성남시,무응답,상,학교 진로 상담 참여,1,4,2,1,5,5
S-1568,초등학교,경기도 성남시,무응답,상,학교 진로 상담 참여,5,2,4,4,5,1
S-1570,초등학교,경기도 성남시,무응답,상,학교 진로 상담 참여,4,2,4,2,2,2
S-1571,초등학교,경기도 성남시,무응답,중,학교 진로 상담 참여,5,5,4,4,1,1
S-1572,초등학교,경기도 성남시,무응답,중,학교 진로 상담 참여,4,5,1,5,5,4
S-1574,초등학교,경기도 성남시,무응답,상,학교 진로 상담 참여,3,4,3,3,5,5
S-1575,초등학교,경기도 성남시,무응답,중,학교 진로 상담 참여,1,4,4,5,5,4
S-1577,초등학교,경기도 성남시,무응답,하,학교 진로 상담 참여,5,4,5,5,3,1
S-1578,초등학교,경기도 성남시,무응답,하,학교 진로 상담 참여,2,3,3,2,3,2
S-1581,초등학교,경기도 성남시,무응답,중,학교 진로 상담 참여,3,1,4,1,2,1
S-1582,초등학교,경기도 성남시,무응답,하,학교 진로 상담 참여,3,2,1,1,2,5
S-1585,초등학교,경기도 성남시,무응답,상,학교 진로 상담 참여,1,1,2,3,3,1
S-1587,초등학교,경기도 성남시,무응답,중,학교 진로 상담 참여,5,1,4,2,5,4
S-1588,초등학교,경기도 성남시,무응답,중,학교 진로 상담 참여,4,2,1,4,2,5
S-1589,초등학교,경기도 성남시,무응답,중,학교 진로 상담 참여,2,4,4,4,1,2
S-1590,초등학교,경기도 성남시,무응답,상,학교 진로 상담 참여,1,2,2,4,4,2
S-1591,초등학교,경기도 성남시,무응답,상,학교 진로 상담 참여,2,5,1,5,3,2
S-1592,초등학교,경기도 성남시,무응답,하,학교 진로 상담 참여,2,4,4,4,3,3
S-1597,초등학교,경기도 성남시,무응답,중,학교 진로 상담 참여,1,5,2,5,1,4
S-1598,초등학교,경기도 성남시,무응답,중,학교 진로 상담 참여,1,3,5,3,4,2
S-1599,초등학교,경기도 성남시,무응답,상,학교 진로 상담 참여,5,4,3,4,2,3
S-1607,초등학교,경기도 성남시,무응답,상,학교 진로 상담 참여,1,3,2,3,3,5
S-1608,초등학교,경기도 성남시,무응답,중,학교 진로 상담 참여,4,2,4,2,2,1
S-1609,초등학교,경기도 성남시,무응답,하,학교 진로 상담 참여,4,3,3,4,2,1
S-1610,초등학교,경기도 성남시,무응답,상,학교 진로 상담 참여,3,4,5,2,4,5
S-1611,초등학교,경기도 성남시,무응답,하,학교 진로 상담 참여,2,5,1,2,3,1
S-1612,초등학교,경기도 성남시,무응답,상,학교 진로 상담 참여,5,5,3,4,1,4
S-1614,초등학교,경기도 성남시,무응답,하,학교 진로 상담 참여,3,5,1,5,5,3
S-1616,초등학교,경기도 성남시,무응답,중,학교 진로 상담 참여,3,1,4,2,1,2
S-1617,초등학교,경기도 성남시,무응답,하,학교 진로 상담 참여,3,5,5,5,1,5
S-1618,초등학교,경기도 성남시,무응답,중,학교 진로 상담 참여,2,3,5,2,4,4
S-1619,초등학교,경기도 성남시,무응답,하,학교 진로 상담 참여,4,2,2,4,2,2
S-1620,초등학교,경기도 성남시,무응답,상,학교 진로 상담 참여,4,3,2,1,5,2
S-1621,초등학교,경기도 성남시,무응답,중,학교 진로 상담 참여,3,5,5,2,1,2
S-1624,초등학교,경기도 성남시,무응답,상,학교 진로 상담 참여,4,2,1,2,2,4
S-1631,초등학교,경기도 성남시,무응답,중,학교 진로 상담 참여,3,3,4,3,5,3
S-1711,초등학교,경기도 성남시,무응답,중,학교 진로 상담 참여,4,1,3,1,5,2
S-1712,초등학교,경기도 성남시,무응답,하,학교 진로 상담 참여,5,1,2,2,4,1
S-1713,초등학교,경기도 성남시,무응답,중,학교 진로 상담 참여,1,3,5,2,3,3
S-1714,초등학교,경기도 성남시,무응답,상,학교 진로 상담 참여,3,2,4,2,3,1
S-1715,초등학교,경기도 성남시,무응답,하,학교 진로 상담 참여,4,1,4,2,3,2
S-1716,초등학교,경기도 성남시,무응답,상,학교 진로 상담 참여,4,5,3,3,4,4
S-1717,초등학교,경기도 성남시,무응답,상,학교 진로 상담 참여,3,4,3,5,3,3
S-1718,초등학교,경기도 성남시,무응답,하,학교 진로 상담 참여,4,5,2,2,2,3
S-1719,초등학교,경기도 성남시,무응답,상,학교 진로 상담 참여,1,2,3,4,4,1
S-1720,초등학교,경기도 성남시,무응답,상,학교 진로 상담 참여,1,1,3,4,3,1
S-1722,초등학교,경기도 성남시,무응답,중,학교 진로 상담 참여,4,4,5,5,2,3
S-1725,초등학교,경기도 성남시,무응답,상,학교 진로 상담 참여,1,5,3,5,2,1
S-1730,초등학교,경기도 성남시,무응답,중,학교 진로 상담 참여,1,3,4,5,5,5
S-1734,초등학교,경기도 성남시,무응답,중,학교 진로 상담 참여,2,3,5,4,3,5
S-1740,초등학교,경기도 성남시,무응답,하,학교 진로 상담 참여,1,4,2,4,2,3
S-1741,초등학교,경기도 성남시,무응답,하,학교 진로 상담 참여,2,5,4,5,5,1
S-1746,초등학교,경기도 성남시,무응답,하,학교 진로 상담 참여,3,5,1,4,2,3
S-1747,초등학교,경기도 성남시,무응답,상,학교 진로 상담 참여,4,4,2,5,1,3
S-1748,초등학교,경기도 성남시,무응답,상,학교 진로 상담 참여,1,4,3,4,2,1
S-1755,초등학교,경기도 성남시,무응답,상,학교 진로 상담 참여,2,1,1,4,4,1
S-1759,초등학교,경기도 성남시,무응답,하,학교 진로 상담 참여,3,5,1,1,5,2
S-1761,초등학교,경기도 성남시,무응답,상,학교 진로 상담 참여,5,4,1,4,2,1
S-1763,초등학교,경기도 성남시,무응답,중,학교 진로 상담 참여,3,3,5,5,5,1
S-1783,초등학교,경기도 성남시,무응답,상,학교 진로 상담 참여,4,4,5,4,5,4
S-1788,초등학교,경기도 성남시,무응답,하,학교 진로 상담 참여,1,2,4,4,2,5
S-1797,초등학교,경기도 성남시,무응답,중,학교 진로 상담 참여,2,4,1,1,2,3
S-1800,초등학교,경기도 성남시,무응답,하,학교 진로 상담 참여,1,4,3,2,5,3
S-1801,초등학교,경기도 성남시,무응답,중,학교 진로 상담 참여,3,3,3,2,4,3
S-1802,초등학교,경기도 성남시,무응답,하,학교 진로 상담 참여,5,1,2,3,2,3
S-1804,초등학교,경기도 성남시,무응답,하,학교 진로 상담 참여,4,4,4,3,5,2
S-1806,초등학교,경기도 성남시,무응답,상,학교 진로 상담 참여,2,3,5,2,4,4
S-1807,초등학교,경기도 성남시,무응답,상,학교 진로 상담 참여,4,4,2,1,3,1
S-1808,초등학교,경기도 성남시,무응답,상,학교 진로 상담 참여,3,4,1,4,5,4
S-1813,초등학교,경기도 성남시,무응답,하,학교 진로 상담 참여,1,5,5,4,2,4
S-1814,초등학교,경기도 성남시,무응답,상,학교 진로 상담 참여,4,5,2,5,2,3
S-1815,초등학교,경기도 성남시,무응답,상,학교 진로 상담 참여,4,5,3,3,3,3
S-1816,초등학교,경기도 성남시,무응답,중,학교 진로 상담 참여,1,3,5,2,5,4
S-1818,초등학교,경기도 성남시,무응답,중,학교 진로 상담 참여,1,5,1,5,1,4
S-1819,초등학교,경기도 성남시,무응답,하,학교 진로 상담 참여,1,5,2,2,1,1
S-1822,초등학교,경기도 성남시,무응답,중,학교 진로 상담 참여,1,1,2,4,3,1
S-1823,초등학교,경기도 성남시,무응답,하,학교 진로 상담 참여,5,2,1,5,2,5
S-1824,초등학교,경기도 성남시,무응답,상,학교 진로 상담 참여,4,3,1,1,4,1
S-1825,초등학교,경기도 성남시,무응답,상,학교 진로 상담 참여,1,4,4,1,4,5
S-1827,초등학교,경기도 성남시,무응답,하,학교 진로 상담 참여,5,1,3,1,5,3
S-1828,초등학교,경기도 성남시,무응답,중,학교 진로 상담 참여,5,5,4,4,2,5
S-1830,초등학교,경기도 성남시,무응답,하,학교 진로 상담 참여,5,4,4,3,2,4
S-1831,초등학교,경기도 성남시,무응답,상,학교 진로 상담 참여,1,4,2,5,5,3
S-1832,초등학교,경기도 성남시,무응답,상,학교 진로 상담 참여,2,2,4,3,3,2
S-1833,초등학교,경기도 성남시,무응답,상,학교 진로 상담 참여,5,2,5,4,1,2
S-1834,초등학교,경기도 성남시,무응답,중,학교 진로 상담 참여,1,2,3,5,1,4
S-1836,초등학교,경기도 성남시,무응답,상,학교 진로 상담 참여,5,5,3,2,5,3
S-1837,초등학교,경기도 성남시,무응답,상,학교 진로 상담 참여,4,1,3,2,3,4
S-1838,초등학교,경기도 성남시,무응답,중,학교 진로 상담 참여,3,3,5,2,2,4
S-1839,초등학교,경기도 성남시,무응답,하,학교 진로 상담 참여,4,4,3,1,3,1
S-1850,초등학교,경기도 성남시,무응답,상,학교 진로 상담 참여,5,4,4,5,3,3
S-1852,초등학교,경기도 성남시,무응답,상,학교 진로 상담 참여,4,5,3,5,4,1
S-1853,초등학교,경기도 성남시,무응답,상,학교 진로 상담 참여,4,3,1,4,4,3
S-1854,초등학교,경기도 성남시,무응답,중,학교 진로 상담 참여,3,4,3,4,1,2
S-1855,초등학교,경기도 성남시,무응답,중,학교 진로 상담 참여,4,1,4,4,2,2
S-1856,초등학교,경기도 성남시,무응답,중,학교 진로 상담 참여,3,1,2,1,1,3
S-1857,초등학교,경기도 성남시,무응답,상,학교 진로 상담 참여,5,5,5,3,3,4
S-1858,초등학교,경기도 성남시,무응답,상,학교 진로 상담 참여,5,4,1,3,4,2
S-1867,초등학교,경기도 성남시,무응답,하,학교 진로 상담 참여,4,1,3,2,1,4
S-1875,초등학교,경기도 성남시,무응답,상,학교 진로 상담 참여,2,5,1,4,3,1
S-1881,초등학교,경기도 성남시,무응답,하,학교 진로 상담 참여,4,4,4,1,4,2
S-1884,초등학교,경기도 성남시,무응답,중,학교 진로 상담 참여,4,2,1,5,4,1
S-1887,초등학교,경기도 성남시,무응답,상,학교 진로 상담 참여,5,1,3,2,4,5
S-1890,초등학교,경기도 성남시,무응답,중,학교 진로 상담 참여,3,3,5,3,1,2
S-1891,초등학교,경기도 성남시,무응답,하,학교 진로 상담 참여,2,5,5,1,4,3
S-1893,초등학교,경기도 성남시,무응답,중,학교 진로 상담 참여,4,2,3,5,3,5
S-1894,초등학교,경기도 성남시,무응답,중,학교 진로 상담 참여,2,5,3,3,4,5
S-1895,초등학교,경기도 성남시,무응답,하,학교 진로 상담 참여,5,1,3,3,3,2
S-1896,초등학교,경기도 성남시,무응답,하,학교 진로 상담 참여,5,3,2,2,3,4
S-1901,초등학교,경기도 성남시,무응답,상,학교 진로 상담 참여,2,2,3,2,2,5
S-1902,초등학교,경기도 성남시,무응답,중,학교 진로 상담 참여,1,4,4,3,3,1
S-2140,초등학교,경기도 성남시,무응답,중,학교 진로 상담 참여,1,2,4,1,2,1
S-2146,초등학교,경기도 성남시,무응답,중,학교 진로 상담 참여,1,3,3,2,5,2
S-2261,초등학교,경기도 성남시,무응답,중,학교 진로 상담 참여,3,2,3,4,2,4
S-2266,초등학교,경기도 성남시,무응답,중,학교 진로 상담 참여,1,1,4,4,4,1
S-2271,초등학교,경기도 성남시,무응답,상,학교 진로 상담 참여,5,5,1,3,4,3
S-2274,초등학교,경기도 성남시,무응답,중,학교 진로 상담 참여,4,5,1,1,2,5
S-2275,초등학교,경기도 성남시,무응답,상,학교 진로 상담 참여,3,4,4,2,4,2
S-2281,초등학교,경기도 성남시,무응답,상,학교 진로 상담 참여,3,5,2,5,3,1
S-2282,초등학교,경기도 성남시,무응답,중,학교 진로 상담 참여,4,5,3,2,2,5
S-2284,초등학교,경기도 성남시,무응답,상,학교 진로 상담 참여,2,1,2,3,1,3
S-2289,초등학교,경기도 성남시,무응답,하,학교 진로 상담 참여,3,5,5,5,1,5
S-2293,초등학교,경기도 성남시,무응답,중,학교 진로 상담 참여,4,1,5,2,4,2
S-2294,초등학교,경기도 성남시,무응답,상,학교 진로 상담 참여,3,4,2,1,4,4
S-2298,초등학교,경기도 성남시,무응답,하,학교 진로 상담 참여,5,1,2,4,1,4
S-2299,초등학교,경기도 성남시,무응답,중,학교 진로 상담 참여,5,2,2,3,1,1
S-2300,초등학교,경기도 성남시,무응답,중,학교 진로 상담 참여,2,5,4,4,1,2
S-2303,초등학교,경기도 성남시,무응답,상,학교 진로 상담 참여,4,4,5,4,5,2
S-2304,초등학교,경기도 성남시,무응답,상,학교 진로 상담 참여,3,1,2,4,4,4
S-2307,초등학교,경기도 성남시,무응답,하,학교 진로 상담 참여,3,5,5,1,2,1
S-2312,초등학교,경기도 성남시,무응답,하,학교 진로 상담 참여,4,5,5,4,1,2
S-2314,초등학교,경기도 성남시,무응답,하,학교 진로 상담 참여,3,2,4,2,3,2
S-2317,초등학교,경기도 성남시,무응답,중,학교 진로 상담 참여,1,5,1,4,5,3
S-2319,초등학교,경기도 성남시,무응답,하,학교 진로 상담 참여,1,1,3,5,2,3
S-2320,초등학교,경기도 성남시,무응답,상,학교 진로 상담 참여,5,2,2,2,1,3
S-2321,초등학교,경기도 성남시,무응답,상,학교 진로 상담 참여,2,4,1,1,1,2
S-2324,초등학교,경기도 성남시,무응답,중,학교 진로 상담 참여,3,5,4,2,2,1
S-2327,초등학교,경기도 성남시,무응답,중,학교 진로 상담 참여,2,3,3,1,4,5
S-2330,초등학교,경기도 성남시,무응답,중,학교 진로 상담 참여,2,4,1,4,4,4
S-2331,초등학교,경기도 성남시,무응답,상,학교 진로 상담 참여,3,2,3,1,4,4
S-2334,초등학교,경기도 성남시,무응답,중,학교 진로 상담 참여,1,2,1,1,5,3
S-2340,초등학교,경기도 성남시,무응답,중,학교 진로 상담 참여,5,2,2,2,1,1
S-2342,초등학교,경기도 성남시,무응답,중,학교 진로 상담 참여,4,3,2,5,4,3
S-2343,초등학교,경기도 성남시,무응답,중,학교 진로 상담 참여,1,2,2,4,5,1
S-2347,초등학교,경기도 성남시,무응답,중,학교 진로 상담 참여,3,2,2,3,5,4
S-2349,초등학교,경기도 성남시,무응답,중,학교 진로 상담 참여,5,2,2,2,5,2
S-2350,초등학교,경기도 성남시,무응답,상,학교 진로 상담 참여,3,4,1,5,3,3
S-2352,초등학교,경기도 성남시,무응답,하,학교 진로 상담 참여,4,5,5,1,4,3
S-2356,초등학교,경기도 성남시,무응답,중,학교 진로 상담 참여,2,3,1,1,1,1
S-2358,초등학교,경기도 성남시,무응답,상,학교 진로 상담 참여,4,4,4,1,2,2
S-2361,초등학교,경기도 성남시,무응답,상,학교 진로 상담 참여,5,3,2,5,3,5
S-2362,초등학교,경기도 성남시,무응답,상,학교 진로 상담 참여,1,3,5,3,1,5
S-2366,초등학교,경기도 성남시,무응답,중,학교 진로 상담 참여,5,3,3,1,4,3
S-2368,초등학교,경기도 성남시,무응답,하,학교 진로 상담 참여,2,3,4,4,5,1
S-2370,초등학교,경기도 성남시,무응답,중,학교 진로 상담 참여,3,5,2,4,5,1
S-2371,초등학교,경기도 성남시,무응답,상,학교 진로 상담 참여,1,3,1,3,4,2
S-2372,초등학교,경기도 성남시,무응답,중,학교 진로 상담 참여,3,3,1,5,3,1
S-2374,초등학교,경기도 성남시,무응답,하,학교 진로 상담 참여,1,3,1,1,3,1
S-2378,초등학교,경기도 성남시,무응답,상,학교 진로 상담 참여,1,1,4,1,1,3
S-2379,초등학교,경기도 성남시,무응답,상,학교 진로 상담 참여,5,3,1,2,4,2
S-2381,초등학교,경기도 성남시,무응답,하,학교 진로 상담 참여,2,3,3,5,3,4
S-2388,초등학교,경기도 성남시,무응답,상,학교 진로 상담 참여,3,5,3,2,1,3
S-2390,초등학교,경기도 성남시,무응답,하,학교 진로 상담 참여,1,1,4,5,3,2
S-2392,초등학교,경기도 성남시,무응답,중,학교 진로 상담 참여,3,4,1,5,4,3
S-2395,초등학교,경기도 성남시,무응답,하,학교 진로 상담 참여,2,3,1,2,3,3
S-2396,초등학교,경기도 성남시,무응답,중,학교 진로 상담 참여,3,1,4,5,1,4
S-2400,초등학교,경기도 성남시,무응답,하,학교 진로 상담 참여,5,1,1,3,3,4
S-2402,초등학교,경기도 성남시,무응답,중,학교 진로 상담 참여,5,3,3,1,4,1
S-2406,초등학교,경기도 성남시,무응답,하,학교 진로 상담 참여,3,5,1,3,5,3
S-2408,초등학교,경기도 성남시,무응답,상,학교 진로 상담 참여,3,5,3,3,1,2
S-2410,초등학교,경기도 성남시,무응답,하,학교 진로 상담 참여,4,3,1,1,2,5
S-2415,초등학교,경기도 성남시,무응답,하,학교 진로 상담 참여,3,1,3,1,5,1
S-2416,초등학교,경기도 성남시,무응답,하,학교 진로 상담 참여,2,1,2,2,3,5
S-2418,초등학교,경기도 성남시,무응답,상,학교 진로 상담 참여,2,2,2,1,4,3
S-2420,초등학교,경기도 성남시,무응답,중,학교 진로 상담 참여,5,5,5,2,4,3
S-2421,초등학교,경기도 성남시,무응답,상,학교 진로 상담 참여,5,4,3,3,4,4
S-2422,초등학교,경기도 성남시,무응답,상,학교 진로 상담 참여,2,3,5,1,1,1
S-2426,초등학교,경기도 성남시,무응답,하,학교 진로 상담 참여,2,2,3,5,3,2
S-2427,초등학교,경기도 성남시,무응답,중,학교 진로 상담 참여,3,3,3,2,2,1
S-2433,초등학교,경기도 성남시,무응답,상,학교 진로 상담 참여,5,5,3,3,3,3
S-2434,초등학교,경기도 성남시,무응답,하,학교 진로 상담 참여,1,2,1,1,5,5
S-2435,초등학교,경기도 성남시,무응답,상,학교 진로 상담 참여,1,3,3,2,4,1
S-2438,초등학교,경기도 성남시,무응답,하,학교 진로 상담 참여,5,3,5,1,3,1
S-2439,초등학교,경기도 성남시,무응답,중,학교 진로 상담 참여,4,2,3,5,1,5
S-2440,초등학교,경기도 성남시,무응답,하,학교 진로 상담 참여,4,2,5,2,1,5
S-2446,초등학교,경기도 성남시,무응답,중,학교 진로 상담 참여,3,3,1,1,1,3
S-2450,초등학교,경기도 성남시,무응답,중,학교 진로 상담 참여,5,1,5,1,2,3
S-2453,초등학교,경기도 성남시,무응답,상,학교 진로 상담 참여,5,3,4,4,1,2
S-2455,초등학교,경기도 성남시,무응답,상,학교 진로 상담 참여,5,1,4,5,2,5
S-2461,초등학교,경기도 성남시,무응답,중,학교 진로 상담 참여,5,2,2,4,4,5
S-2462,초등학교,경기도 성남시,무응답,중,학교 진로 상담 참여,1,4,4,3,2,1
S-2467,초등학교,경기도 성남시,무응답,상,학교 진로 상담 참여,4,1,1,4,4,4
S-2469,초등학교,경기도 성남시,무응답,중,학교 진로 상담 참여,4,1,4,5,4,2
S-2470,초등학교,경기도 성남시,무응답,하,학교 진로 상담 참여,5,5,4,4,2,2
S-2473,초등학교,경기도 성남시,무응답,상,학교 진로 상담 참여,2,4,1,4,2,5
S-2477,초등학교,경기도 성남시,무응답,중,학교 진로 상담 참여,2,4,2,3,1,4
S-2479,초등학교,경기도 성남시,무응답,중,학교 진로 상담 참여,3,4,5,2,3,2
S-2482,초등학교,경기도 성남시,무응답,중,학교 진로 상담 참여,5,2,4,1,4,1
S-2487,초등학교,경기도 성남시,무응답,하,학교 진로 상담 참여,5,2,4,3,4,3
S-2488,초등학교,경기도 성남시,무응답,하,학교 진로 상담 참여,4,1,1,2,5,1
S-2491,초등학교,경기도 성남시,무응답,중,학교 진로 상담 참여,5,1,5,1,4,5
S-2494,초등학교,경기도 성남시,무응답,하,학교 진로 상담 참여,4,4,1,3,1,3
S-2498,초등학교,경기도 성남시,무응답,중,학교 진로 상담 참여,4,1,4,5,4,1
S-2499,초등학교,경기도 성남시,무응답,중,학교 진로 상담 참여,1,1,3,4,4,3
S-2505,초등학교,경기도 성남시,무응답,하,학교 진로 상담 참여,2,2,4,4,1,2
S-2506,초등학교,경기도 성남시,무응답,중,학교 진로 상담 참여,3,3,1,4,3,3
S-2507,초등학교,경기도 성남시,무응답,하,학교 진로 상담 참여,3,3,2,4,2,2
S-2510,초등학교,경기도 성남시,무응답,상,학교 진로 상담 참여,4,3,2,1,2,3
S-2514,초등학교,경기도 성남시,무응답,중,학교 진로 상담 참여,5,2,3,1,3,2
S-2516,초등학교,경기도 성남시,무응답,중,학교 진로 상담 참여,4,3,3,3,2,5
S-2520,초등학교,경기도 성남시,무응답,중,학교 진로 상담 참여,2,5,3,4,3,5
S-2522,초등학교,경기도 성남시,무응답,중,학교 진로 상담 참여,3,2,3,1,4,1
S-2527,초등학교,경기도 성남시,무응답,상,학교 진로 상담 참여,3,5,2,4,1,1
S-2528,초등학교,경기도 성남시,무응답,상,학교 진로 상담 참여,2,1,3,5,2,3
S-2531,초등학교,경기도 성남시,무응답,하,학교 진로 상담 참여,5,4,3,5,3,1
S-2532,초등학교,경기도 성남시,무응답,중,학교 진로 상담 참여,3,2,1,1,3,2
S-2534,초등학교,경기도 성남시,무응답,상,학교 진로 상담 참여,2,5,3,1,3,4
S-2535,초등학교,경기도 성남시,무응답,중,학교 진로 상담 참여,4,3,1,4,3,2
S-2536,초등학교,경기도 성남시,무응답,하,학교 진로 상담 참여,4,2,3,5,3,1
S-2537,초등학교,경기도 성남시,무응답,중,학교 진로 상담 참여,2,2,5,4,4,2
S-2539,초등학교,경기도 성남시,무응답,상,학교 진로 상담 참여,3,5,4,1,5,3
S-2540,초등학교,경기도 성남시,무응답,상,학교 진로 상담 참여,2,1,3,2,4,2
S-2542,초등학교,경기도 성남시,무응답,중,학교 진로 상담 참여,5,5,1,1,3,4
S-2544,초등학교,경기도 성남시,무응답,중,학교 진로 상담 참여,3,4,5,1,4,4
S-2545,초등학교,경기도 성남시,무응답,중,학교 진로 상담 참여,2,5,4,1,3,2
S-2546,초등학교,경기도 성남시,무응답,상,학교 진로 상담 참여,1,2,2,2,3,4
S-2547,초등학교,경기도 성남시,무응답,상,학교 진로 상담 참여,3,5,4,4,3,4
S-2549,초등학교,경기도 성남시,무응답,중,학교 진로 상담 참여,4,2,3,4,2,2
S-2550,초등학교,경기도 성남시,무응답,하,학교 진로 상담 참여,5,4,2,3,5,2
S-2551,초등학교,경기도 성남시,무응답,상,학교 진로 상담 참여,1,2,2,1,5,4
S-2552,초등학교,경기도 성남시,무응답,중,학교 진로 상담 참여,1,5,1,4,4,5
S-2553,초등학교,경기도 성남시,무응답,중,학교 진로 상담 참여,5,3,4,3,3,1
S-2555,초등학교,경기도 성남시,무응답,하,학교 진로 상담 참여,5,4,1,1,5,4
S-2556,초등학교,경기도 성남시,무응답,하,학교 진로 상담 참여,1,4,5,4,5,5
S-2557,초등학교,경기도 성남시,무응답,상,학교 진로 상담 참여,5,4,5,5,5,5
S-2558,초등학교,경기도 성남시,무응답,상,학교 진로 상담 참여,3,3,1,2,4,4
S-2561,초등학교,경기도 성남시,무응답,상,학교 진로 상담 참여,1,3,5,4,5,4
S-2562,초등학교,경기도 성남시,무응답,상,학교 진로 상담 참여,2,3,3,3,1,2
S-2563,초등학교,경기도 성남시,무응답,하,학교 진로 상담 참여,4,4,3,2,3,3
S-2564,초등학교,경기도 성남시,무응답,중,학교 진로 상담 참여,1,5,4,4,1,2
S-2565,초등학교,경기도 성남시,무응답,중,학교 진로 상담 참여,2,1,4,5,2,5
S-2574,초등학교,경기도 성남시,무응답,상,학교 진로 상담 참여,3,3,3,5,4,3
S-2576,초등학교,경기도 성남시,무응답,상,학교 진로 상담 참여,3,5,2,1,4,5
S-2577,초등학교,경기도 성남시,무응답,중,학교 진로 상담 참여,2,3,3,1,1,2
S-2579,초등학교,경기도 성남시,무응답,중,학교 진로 상담 참여,3,5,4,2,1,3
S-2580,초등학교,경기도 성남시,무응답,하,학교 진로 상담 참여,3,4,4,5,3,5
S-2582,초등학교,경기도 성남시,무응답,하,학교 진로 상담 참여,5,3,2,4,4,4
S-2583,초등학교,경기도 성남시,무응답,하,학교 진로 상담 참여,3,1,2,3,3,3
S-2586,초등학교,경기도 성남시,무응답,중,학교 진로 상담 참여,4,4,3,5,4,2
S-2596,초등학교,경기도 성남시,무응답,상,학교 진로 상담 참여,2,5,3,3,1,1
S-2600,초등학교,경기도 성남시,무응답,하,학교 진로 상담 참여,2,5,1,1,5,5
S-2602,초등학교,경기도 성남시,무응답,중,학교 진로 상담 참여,3,5,5,2,2,5
S-2603,초등학교,경기도 성남시,무응답,상,학교 진로 상담 참여,3,5,2,5,2,3
S-2605,초등학교,경기도 성남시,무응답,하,학교 진로 상담 참여,2,1,1,5,1,2
S-2606,초등학교,경기도 성남시,무응답,상,학교 진로 상담 참여,4,2,2,1,3,5
S-2607,초등학교,경기도 성남시,무응답,중,학교 진로 상담 참여,5,3,4,3,3,5
S-2611,초등학교,경기도 성남시,무응답,상,학교 진로 상담 참여,2,1,5,5,5,3
S-2614,초등학교,경기도 성남시,무응답,상,학교 진로 상담 참여,1,5,4,5,3,5
S-2615,초등학교,경기도 성남시,무응답,하,학교 진로 상담 참여,5,2,5,5,3,2
S-2616,초등학교,경기도 성남시,무응답,하,학교 진로 상담 참여,1,2,2,1,3,2
S-2617,초등학교,경기도 성남시,무응답,중,학교 진로 상담 참여,2,2,3,4,4,1
S-2618,초등학교,경기도 성남시,무응답,상,학교 진로 상담 참여,2,4,5,4,2,2
S-2620,초등학교,경기도 성남시,무응답,하,학교 진로 상담 참여,3,5,3,1,3,2
S-2621,초등학교,경기도 성남시,무응답,하,학교 진로 상담 참여,2,5,1,5,1,4
S-2623,초등학교,경기도 성남시,무응답,하,학교 진로 상담 참여,2,5,2,1,4,3
S-2624,초등학교,경기도 성남시,무응답,중,학교 진로 상담 참여,4,4,3,4,4,2
S-2626,초등학교,경기도 성남시,무응답,상,학교 진로 상담 참여,1,5,1,2,2,2
S-2627,초등학교,경기도 성남시,무응답,하,학교 진로 상담 참여,4,1,5,1,4,5
S-2628,초등학교,경기도 성남시,무응답,상,학교 진로 상담 참여,2,2,1,3,2,5
S-2635,초등학교,경기도 성남시,무응답,중,학교 진로 상담 참여,5,4,2,4,5,1
S-2637,초등학교,경기도 성남시,무응답,중,학교 진로 상담 참여,2,4,5,5,5,4
S-2639,초등학교,경기도 성남시,무응답,중,학교 진로 상담 참여,5,1,5,2,4,3
S-2640,초등학교,경기도 성남시,무응답,하,학교 진로 상담 참여,3,2,4,3,5,5
S-2647,초등학교,경기도 성남시,무응답,중,학교 진로 상담 참여,4,3,5,3,4,3
S-2649,초등학교,경기도 성남시,무응답,하,학교 진로 상담 참여,4,5,1,4,2,4
S-2651,초등학교,경기도 성남시,무응답,중,학교 진로 상담 참여,4,5,4,2,5,5
S-2653,초등학교,경기도 성남시,무응답,상,학교 진로 상담 참여,5,2,3,2,1,4
S-2656,초등학교,경기도 성남시,무응답,중,학교 진로 상담 참여,3,2,4,4,4,4
S-2658,초등학교,경기도 성남시,무응답,하,학교 진로 상담 참여,3,4,3,4,2,3
S-2662,초등학교,경기도 성남시,무응답,상,학교 진로 상담 참여,5,1,1,2,1,1
S-2663,초등학교,경기도 성남시,무응답,하,학교 진로 상담 참여,3,5,5,4,4,1
S-2667,초등학교,경기도 성남시,무응답,상,학교 진로 상담 참여,3,2,3,5,3,1
S-2668,초등학교,경기도 성남시,무응답,하,학교 진로 상담 참여,5,3,4,3,1,3
S-2671,초등학교,경기도 성남시,무응답,상,학교 진로 상담 참여,3,4,2,4,1,4
S-2674,초등학교,경기도 성남시,무응답,중,학교 진로 상담 참여,1,5,5,2,1,4
S-2676,초등학교,경기도 성남시,무응답,하,학교 진로 상담 참여,5,2,2,4,4,3
S-2678,초등학교,경기도 성남시,무응답,하,학교 진로 상담 참여,3,2,4,4,2,4
S-2679,초등학교,경기도 성남시,무응답,상,학교 진로 상담 참여,5,4,3,2,4,5
S-2681,초등학교,경기도 성남시,무응답,하,학교 진로 상담 참여,2,2,2,2,4,5
S-2682,초등학교,경기도 성남시,무응답,하,학교 진로 상담 참여,4,4,4,1,5,5
S-2686,초등학교,경기도 성남시,무응답,하,학교 진로 상담 참여,4,4,3,5,2,4
S-2688,초등학교,경기도 성남시,무응답,하,학교 진로 상담 참여,2,5,3,5,2,1
S-2692,초등학교,경기도 성남시,무응답,하,학교 진로 상담 참여,4,4,1,3,1,2
S-2693,초등학교,경기도 성남시,무응답,상,학교 진로 상담 참여,2,2,5,5,2,5
S-2698,초등학교,경기도 성남시,무응답,상,학교 진로 상담 참여,3,2,1,4,2,1
S-2699,초등학교,경기도 성남시,무응답,중,학교 진로 상담 참여,2,2,3,4,5,3
S-2701,초등학교,경기도 성남시,무응답,하,학교 진로 상담 참여,4,3,3,5,5,1
S-2704,초등학교,경기도 성남시,무응답,중,학교 진로 상담 참여,3,3,5,3,4,2
S-2705,초등학교,경기도 성남시,무응답,하,학교 진로 상담 참여,1,2,2,2,1,5
S-2706,초등학교,경기도 성남시,무응답,상,학교 진로 상담 참여,3,3,3,5,3,3
S-2708,초등학교,경기도 성남시,무응답,상,학교 진로 상담 참여,5,5,2,2,1,3
S-2709,초등학교,경기도 성남시,무응답,중,학교 진로 상담 참여,4,4,5,2,4,4
S-2713,초등학교,경기도 성남시,무응답,상,학교 진로 상담 참여,1,3,5,5,4,4
S-2722,초등학교,경기도 성남시,무응답,하,학교 진로 상담 참여,1,3,4,2,5,4
S-2723,초등학교,경기도 성남시,무응답,하,학교 진로 상담 참여,2,1,1,4,4,3
S-2726,초등학교,경기도 성남시,무응답,하,학교 진로 상담 참여,2,5,4,3,3,3
S-2728,초등학교,경기도 성남시,무응답,하,학교 진로 상담 참여,5,4,1,1,3,1
S-2732,초등학교,경기도 성남시,무응답,상,학교 진로 상담 참여,2,2,3,5,3,2
S-2734,초등학교,경기도 성남시,무응답,상,학교 진로 상담 참여,2,1,4,3,1,1
S-2735,초등학교,경기도 성남시,무응답,하,학교 진로 상담 참여,3,5,4,4,5,4
S-2739,초등학교,경기도 성남시,무응답,중,학교 진로 상담 참여,2,4,5,4,2,2
S-2742,초등학교,경기도 성남시,무응답,중,학교 진로 상담 참여,1,1,1,5,4,2
S-2743,초등학교,경기도 성남시,무응답,상,학교 진로 상담 참여,4,4,1,3,4,5
S-2745,초등학교,경기도 성남시,무응답,상,학교 진로 상담 참여,5,1,3,4,2,2
S-2747,초등학교,경기도 성남시,무응답,상,학교 진로 상담 참여,3,2,4,5,4,1
S-2750,초등학교,경기도 성남시,무응답,중,학교 진로 상담 참여,1,2,5,1,1,4
S-2751,초등학교,경기도 성남시,무응답,하,학교 진로 상담 참여,5,5,1,2,3,4
S-2752,초등학교,경기도 성남시,무응답,중,학교 진로 상담 참여,5,5,2,5,2,1
S-2754,초등학교,경기도 성남시,무응답,중,학교 진로 상담 참여,1,2,1,1,1,5
S-2756,초등학교,경기도 성남시,무응답,상,학교 진로 상담 참여,1,3,5,1,2,2
S-2757,초등학교,경기도 성남시,무응답,하,학교 진로 상담 참여,1,3,1,3,1,1
S-2758,초등학교,경기도 성남시,무응답,상,학교 진로 상담 참여,5,2,3,5,5,5
S-2806,초등학교,경기도 성남시,무응답,상,학교 진로 상담 참여,1,3,4,4,4,1
S-2807,초등학교,경기도 성남시,무응답,상,학교 진로 상담 참여,3,1,4,2,4,5
S-2808,초등학교,경기도 성남시,무응답,상,학교 진로 상담 참여,4,2,2,2,1,2
S-2810,초등학교,경기도 성남시,무응답,중,학교 진로 상담 참여,2,5,3,4,1,4
S-2811,초등학교,경기도 성남시,무응답,상,학교 진로 상담 참여,2,2,4,4,1,3
S-2812,초등학교,경기도 성남시,무응답,중,학교 진로 상담 참여,1,2,2,1,4,4
S-2813,초등학교,경기도 성남시,무응답,중,학교 진로 상담 참여,3,4,4,2,2,2
S-2814,초등학교,경기도 성남시,무응답,중,학교 진로 상담 참여,3,2,1,2,1,1
S-2816,초등학교,경기도 성남시,무응답,상,학교 진로 상담 참여,3,4,5,4,2,3
S-2817,초등학교,경기도 성남시,무응답,상,학교 진로 상담 참여,1,2,3,5,2,2
S-2818,초등학교,경기도 성남시,무응답,하,학교 진로 상담 참여,2,2,5,4,5,1
S-2819,초등학교,경기도 성남시,무응답,하,학교 진로 상담 참여,2,5,1,2,2,2
S-2907,초등학교,경기도 성남시,무응답,중,학교 진로 상담 참여,2,4,5,1,1,1
S-2908,초등학교,경기도 성남시,무응답,하,학교 진로 상담 참여,4,3,1,3,5,1
S-2910,초등학교,경기도 성남시,무응답,중,학교 진로 상담 참여,5,2,4,1,1,4
S-2911,초등학교,경기도 성남시,무응답,중,학교 진로 상담 참여,5,3,2,5,2,2
S-2912,초등학교,경기도 성남시,무응답,중,학교 진로 상담 참여,1,2,1,1,4,2
S-2915,초등학교,경기도 성남시,무응답,상,학교 진로 상담 참여,2,1,5,1,3,3
S-2916,초등학교,경기도 성남시,무응답,상,학교 진로 상담 참여,3,4,5,5,3,5
S-2918,초등학교,경기도 성남시,무응답,하,학교 진로 상담 참여,2,4,1,5,2,4
S-2920,초등학교,경기도 성남시,무응답,중,학교 진로 상담 참여,2,3,5,2,5,4
S-2922,초등학교,경기도 성남시,무응답,하,학교 진로 상담 참여,2,5,5,4,5,2
S-2927,초등학교,경기도 성남시,무응답,상,학교 진로 상담 참여,1,3,4,3,2,5
S-2928,초등학교,경기도 성남시,무응답,하,학교 진로 상담 참여,3,5,2,2,2,2
S-2930,초등학교,경기도 성남시,무응답,하,학교 진로 상담 참여,4,1,5,2,3,3
S-2931,초등학교,경기도 성남시,무응답,중,학교 진로 상담 참여,4,1,2,3,5,4
S-2932,초등학교,경기도 성남시,무응답,중,학교 진로 상담 참여,1,4,4,1,1,4
S-2934,초등학교,경기도 성남시,무응답,중,학교 진로 상담 참여,2,2,2,5,2,5
S-2935,초등학교,경기도 성남시,무응답,하,학교 진로 상담 참여,3,5,5,1,5,2
S-2938,초등학교,경기도 성남시,무응답,중,학교 진로 상담 참여,5,5,3,3,4,3
S-2941,초등학교,경기도 성남시,무응답,하,학교 진로 상담 참여,1,1,2,5,4,5
S-2942,초등학교,경기도 성남시,무응답,중,학교 진로 상담 참여,5,3,2,2,1,4
S-2943,초등학교,경기도 성남시,무응답,하,학교 진로 상담 참여,2,2,2,5,5,3
S-2945,초등학교,경기도 성남시,무응답,상,학교 진로 상담 참여,2,4,1,2,5,3
S-2947,초등학교,경기도 성남시,무응답,중,학교 진로 상담 참여,1,5,4,5,2,1
S-2952,초등학교,경기도 성남시,무응답,하,학교 진로 상담 참여,4,3,4,1,3,3
S-2953,초등학교,경기도 성남시,무응답,상,학교 진로 상담 참여,4,5,1,2,1,4
S-2955,초등학교,경기도 성남시,무응답,중,학교 진로 상담 참여,5,4,2,2,3,2
S-2956,초등학교,경기도 성남시,무응답,중,학교 진로 상담 참여,1,4,4,3,3,3
S-2962,초등학교,경기도 성남시,무응답,상,학교 진로 상담 참여,3,5,3,3,1,3
S-2964,초등학교,경기도 성남시,무응답,중,학교 진로 상담 참여,5,2,5,4,3,3
S-2965,초등학교,경기도 성남시,무응답,상,학교 진로 상담 참여,1,3,3,2,5,3
S-2966,초등학교,경기도 성남시,무응답,하,학교 진로 상담 참여,1,1,3,2,3,5
S-2967,초등학교,경기도 성남시,무응답,중,학교 진로 상담 참여,2,3,4,2,3,2
S-2968,초등학교,경기도 성남시,무응답,하,학교 진로 상담 참여,4,4,3,2,5,4
S-2971,초등학교,경기도 성남시,무응답,상,학교 진로 상담 참여,1,3,5,3,3,2
S-2972,초등학교,경기도 성남시,무응답,상,학교 진로 상담 참여,4,5,4,5,3,2
S-2974,초등학교,경기도 성남시,무응답,하,학교 진로 상담 참여,4,4,1,4,1,2
S-2976,초등학교,경기도 성남시,무응답,중,학교 진로 상담 참여,1,5,5,4,5,5
S-2981,초등학교,경기도 성남시,무응답,중,학교 진로 상담 참여,5,5,4,1,5,3
S-2982,초등학교,경기도 성남시,무응답,하,학교 진로 상담 참여,2,4,2,5,2,2
S-2987,초등학교,경기도 성남시,무응답,상,학교 진로 상담 참여,3,3,4,3,4,4
S-2989,초등학교,경기도 성남시,무응답,중,학교 진로 상담 참여,2,3,3,2,1,4
S-2990,초등학교,경기도 성남시,무응답,상,학교 진로 상담 참여,2,3,1,4,1,4
S-2992,초등학교,경기도 성남시,무응답,하,학교 진로 상담 참여,4,4,1,1,3,5
S-2995,초등학교,경기도 성남시,무응답,상,학교 진로 상담 참여,2,5,1,1,1,5
S-2998,초등학교,경기도 성남시,무응답,중,학교 진로 상담 참여,1,2,3,4,5,2
S-3000,초등학교,경기도 성남시,무응답,상,학교 진로 상담 참여,3,3,3,3,4,4
S-3002,초등학교,경기도 성남시,무응답,하,학교 진로 상담 참여,4,1,5,3,2,2
S-3003,초등학교,경기도 성남시,무응답,하,학교 진로 상담 참여,1,1,2,5,5,1
S-3007,초등학교,경기도 성남시,무응답,상,학교 진로 상담 참여,4,4,1,5,1,1
S-3009,초등학교,경기도 성남시,무응답,중,학교 진로 상담 참여,2,4,3,4,3,4
S-3011,초등학교,경기도 성남시,무응답,상,학교 진로 상담 참여,4,1,4,2,5,4
S-3014,초등학교,경기도 성남시,무응답,중,학교 진로 상담 참여,2,4,1,3,2,1
S-3019,초등학교,경기도 성남시,무응답,상,학교 진로 상담 참여,5,5,2,3,2,5
S-3021,초등학교,경기도 성남시,무응답,하,학교 진로 상담 참여,5,3,1,1,1,4
S-3022,초등학교,경기도 성남시,무응답,중,학교 진로 상담 참여,2,5,3,2,3,2
S-3023,초등학교,경기도 성남시,무응답,상,학교 진로 상담 참여,2,1,5,2,5,2
S-3024,초등학교,경기도 성남시,무응답,하,학교 진로 상담 참여,1,5,1,5,3,4
S-3025,초등학교,경기도 성남시,무응답,상,학교 진로 상담 참여,1,1,3,1,5,4
S-3027,초등학교,경기도 성남시,무응답,하,학교 진로 상담 참여,3,5,5,3,4,5
S-3028,초등학교,경기도 성남시,무응답,하,학교 진로 상담 참여,1,5,2,2,3,3
S-3031,초등학교,경기도 성남시,무응답,중,학교 진로 상담 참여,2,2,5,5,4,1
S-3038,초등학교,경기도 성남시,무응답,상,학교 진로 상담 참여,4,2,5,4,2,4
S-3039,초등학교,경기도 성남시,무응답,상,학교 진로 상담 참여,5,2,5,2,3,5
S-3041,초등학교,경기도 성남시,무응답,중,학교 진로 상담 참여,5,3,3,4,5,2
S-3044,초등학교,경기도 성남시,무응답,하,학교 진로 상담 참여,1,3,4,5,5,2
S-3045,초등학교,경기도 성남시,무응답,상,학교 진로 상담 참여,5,2,5,3,1,3
S-3046,초등학교,경기도 성남시,무응답,중,학교 진로 상담 참여,3,2,4,3,3,5
S-3048,초등학교,경기도 성남시,무응답,상,학교 진로 상담 참여,1,2,3,1,2,3
S-3051,초등학교,경기도 성남시,무응답,상,학교 진로 상담 참여,5,5,5,1,3,3
S-3057,초등학교,경기도 성남시,무응답,중,학교 진로 상담 참여,3,2,4,4,1,3
S-3060,초등학교,경기도 성남시,무응답,중,학교 진로 상담 참여,1,5,2,4,1,2
S-3063,초등학교,경기도 성남시,무응답,하,학교 진로 상담 참여,2,3,2,1,5,3
S-3064,초등학교,경기도 성남시,무응답,하,학교 진로 상담 참여,1,5,4,1,2,4
S-3065,초등학교,경기도 성남시,무응답,상,학교 진로 상담 참여,2,2,1,1,4,1
S-3066,초등학교,경기도 성남시,무응답,하,학교 진로 상담 참여,4,1,4,2,3,1
S-3068,초등학교,경기도 성남시,무응답,하,학교 진로 상담 참여,2,1,2,2,1,3
S-3069,초등학교,경기도 성남시,무응답,중,학교 진로 상담 참여,2,2,4,5,3,2
S-3070,초등학교,경기도 성남시,무응답,중,학교 진로 상담 참여,3,3,1,2,4,4
S-3073,초등학교,경기도 성남시,무응답,상,학교 진로 상담 참여,1,4,3,4,1,4
S-3074,초등학교,경기도 성남시,무응답,상,학교 진로 상담 참여,1,5,3,2,2,4
S-3076,초등학교,경기도 성남시,무응답,중,학교 진로 상담 참여,2,1,1,1,2,4
S-3079,초등학교,경기도 성남시,무응답,중,학교 진로 상담 참여,3,2,1,4,1,3
S-3080,초등학교,경기도 성남시,무응답,하,학교 진로 상담 참여,2,2,3,5,4,3
S-3081,초등학교,경기도 성남시,무응답,하,학교 진로 상담 참여,5,2,3,3,4,1
S-3082,초등학교,경기도 성남시,무응답,상,학교 진로 상담 참여,2,1,5,4,2,2
S-3084,초등학교,경기도 성남시,무응답,중,학교 진로 상담 참여,2,5,3,1,5,4
S-3085,초등학교,경기도 성남시,무응답,중,학교 진로 상담 참여,3,2,2,1,3,3
S-3086,초등학교,경기도 성남시,무응답,상,학교 진로 상담 참여,2,4,2,5,3,3
S-3089,초등학교,경기도 성남시,무응답,상,학교 진로 상담 참여,5,5,3,1,3,4
S-3091,초등학교,경기도 성남시,무응답,상,학교 진로 상담 참여,3,3,3,2,5,3
S-3092,초등학교,경기도 성남시,무응답,상,학교 진로 상담 참여,4,2,1,3,1,2
S-3093,초등학교,경기도 성남시,무응답,하,학교 진로 상담 참여,2,1,1,4,5,5
S-3094,초등학교,경기도 성남시,무응답,상,학교 진로 상담 참여,1,2,4,1,1,2
S-3096,초등학교,경기도 성남시,무응답,하,학교 진로 상담 참여,2,3,1,5,4,4
S-3097,초등학교,경기도 성남시,무응답,하,학교 진로 상담 참여,5,3,2,5,4,3
S-3098,초등학교,경기도 성남시,무응답,하,학교 진로 상담 참여,1,4,3,5,1,3
S-3099,초등학교,경기도 성남시,무응답,하,학교 진로 상담 참여,1,2,3,3,5,4
S-3101,초등학교,경기도 성남시,무응답,하,학교 진로 상담 참여,2,5,2,5,2,1
S-3103,초등학교,경기도 성남시,무응답,하,학교 진로 상담 참여,2,5,2,5,2,5
S-3104,초등학교,경기도 성남시,무응답,중,학교 진로 상담 참여,2,1,3,5,2,3
S-3105,초등학교,경기도 성남시,무응답,상,학교 진로 상담 참여,5,3,3,3,1,2
S-3107,초등학교,경기도 성남시,무응답,상,학교 진로 상담 참여,4,4,5,2,3,3
S-3108,초등학교,경기도 성남시,무응답,하,학교 진로 상담 참여,5,4,4,4,5,1
S-3109,초등학교,경기도 성남시,무응답,중,학교 진로 상담 참여,3,4,1,3,2,5
S-3113,초등학교,경기도 성남시,무응답,상,학교 진로 상담 참여,2,1,1,1,2,1
S-3116,초등학교,경기도 성남시,무응답,하,학교 진로 상담 참여,5,1,1,3,1,1
S-3241,초등학교,경기도 성남시,무응답,상,학교 진로 상담 참여,5,3,1,5,1,1
S-3242,초등학교,경기도 성남시,무응답,중,학교 진로 상담 참여,4,4,1,5,4,1
S-3244,초등학교,경기도 성남시,무응답,상,학교 진로 상담 참여,5,3,1,2,3,2
S-3245,초등학교,경기도 성남시,무응답,상,학교 진로 상담 참여,3,2,3,3,3,4
S-3246,초등학교,경기도 성남시,무응답,중,학교 진로 상담 참여,4,4,2,3,3,1
S-3247,초등학교,경기도 성남시,무응답,상,학교 진로 상담 참여,4,1,3,4,2,4
S-3248,초등학교,경기도 성남시,무응답,하,학교 진로 상담 참여,5,5,4,4,5,3
S-3249,초등학교,경기도 성남시,무응답,하,학교 진로 상담 참여,2,5,4,4,3,5
S-3250,초등학교,경기도 성남시,무응답,중,학교 진로 상담 참여,1,1,2,2,4,5
S-3251,초등학교,경기도 성남시,무응답,중,학교 진로 상담 참여,2,4,4,4,3,4
S-3252,초등학교,경기도 성남시,무응답,상,학교 진로 상담 참여,4,2,2,5,5,4
S-3253,초등학교,경기도 성남시,무응답,하,학교 진로 상담 참여,2,5,1,2,4,3
S-3254,초등학교,경기도 성남시,무응답,상,학교 진로 상담 참여,4,5,1,5,4,3
S-3255,초등학교,경기도 성남시,무응답,하,학교 진로 상담 참여,4,5,2,5,5,2
S-3256,초등학교,경기도 성남시,무응답,중,학교 진로 상담 참여,5,5,2,2,1,2
S-3258,초등학교,경기도 성남시,무응답,하,학교 진로 상담 참여,1,2,4,4,1,3
S-3259,초등학교,경기도 성남시,무응답,중,학교 진로 상담 참여,3,3,4,2,3,5
S-3260,초등학교,경기도 성남시,무응답,하,학교 진로 상담 참여,4,3,3,2,1,4
S-3262,초등학교,경기도 성남시,무응답,하,학교 진로 상담 참여,3,2,1,1,2,3
S-3396,초등학교,경기도 성남시,무응답,상,학교 진로 상담 참여,3,1,1,3,1,2
S-3399,초등학교,경기도 성남시,무응답,상,학교 진로 상담 참여,5,1,4,3,3,4
S-3412,초등학교,경기도 성남시,무응답,중,학교 진로 상담 참여,3,2,4,4,2,5
S-3413,초등학교,경기도 성남시,무응답,하,학교 진로 상담 참여,3,4,4,1,5,1
S-3414,초등학교,경기도 성남시,무응답,중,학교 진로 상담 참여,2,3,3,1,1,2
S-3415,초등학교,경기도 성남시,무응답,하,학교 진로 상담 참여,4,1,5,2,1,2
S-3416,초등학교,경기도 성남시,무응답,중,학교 진로 상담 참여,2,1,3,4,4,3
S-3417,초등학교,경기도 성남시,무응답,상,학교 진로 상담 참여,3,2,1,4,3,2
S-3572,초등학교,경기도 성남시,무응답,상,학교 진로 상담 참여,1,1,4,1,4,2
S-3573,초등학교,경기도 성남시,무응답,중,학교 진로 상담 참여,2,3,5,3,5,5
S-3574,초등학교,경기도 성남시,무응답,하,학교 진로 상담 참여,4,5,4,3,1,4
S-3575,초등학교,경기도 성남시,무응답,중,학교 진로 상담 참여,1,2,3,5,3,3
S-3576,초등학교,경기도 성남시,무응답,하,학교 진로 상담 참여,5,1,3,2,3,1
S-3577,초등학교,경기도 성남시,무응답,중,학교 진로 상담 참여,3,5,1,2,1,1
S-3579,초등학교,경기도 성남시,무응답,상,학교 진로 상담 참여,5,5,4,5,1,4
S-3580,초등학교,경기도 성남시,무응답,중,학교 진로 상담 참여,2,2,4,3,2,4
S-3582,초등학교,경기도 성남시,무응답,하,학교 진로 상담 참여,1,3,5,1,5,5
S-3583,초등학교,경기도 성남시,무응답,중,학교 진로 상담 참여,2,5,1,5,4,2
S-3584,초등학교,경기도 성남시,무응답,상,학교 진로 상담 참여,4,1,2,2,2,2
S-3726,초등학교,경기도 성남시,무응답,중,학교 진로 상담 참여,2,5,4,5,4,5
S-3729,초등학교,경기도 성남시,무응답,중,학교 진로 상담 참여,2,1,3,5,3,1
S-3730,초등학교,경기도 성남시,무응답,중,학교 진로 상담 참여,2,1,2,1,3,5
S-3732,초등학교,경기도 성남시,무응답,중,학교 진로 상담 참여,2,1,2,4,3,2
S-3734,초등학교,경기도 성남시,무응답,중,학교 진로 상담 참여,2,3,3,4,3,1
S-3736,초등학교,경기도 성남시,무응답,하,학교 진로 상담 참여,5,1,3,5,2,2
S-3737,초등학교,경기도 성남시,무응답,상,학교 진로 상담 참여,5,4,2,5,5,5
S-3738,초등학교,경기도 성남시,무응답,상,학교 진로 상담 참여,1,3,2,1,3,2
S-3740,초등학교,경기도 성남시,무응답,중,학교 진로 상담 참여,3,4,4,5,1,4
S-3742,초등학교,경기도 성남시,무응답,하,학교 진로 상담 참여,5,3,5,2,4,4
S-3743,초등학교,경기도 성남시,무응답,상,학교 진로 상담 참여,5,5,4,3,4,3
S-3744,초등학교,경기도 성남시,무응답,하,학교 진로 상담 참여,3,2,1,5,1,4
S-3745,초등학교,경기도 성남시,무응답,하,학교 진로 상담 참여,1,4,5,5,3,5
S-3747,초등학교,경기도 성남시,무응답,중,학교 진로 상담 참여,5,3,5,5,3,5
S-3749,초등학교,경기도 성남시,무응답,상,학교 진로 상담 참여,2,1,4,5,1,2
S-3751,초등학교,경기도 성남시,무응답,중,학교 진로 상담 참여,4,5,2,2,4,2
S-3753,초등학교,경기도 성남시,무응답,하,학교 진로 상담 참여,3,5,3,1,1,4
S-3754,초등학교,경기도 성남시,무응답,상,학교 진로 상담 참여,1,4,3,2,3,3
S-3756,초등학교,경기도 성남시,무응답,상,학교 진로 상담 참여,3,3,4,3,2,3
S-3757,초등학교,경기도 성남시,무응답,하,학교 진로 상담 참여,3,2,1,2,4,1
S-3759,초등학교,경기도 성남시,무응답,중,학교 진로 상담 참여,5,2,3,1,1,1
S-3761,초등학교,경기도 성남시,무응답,중,학교 진로 상담 참여,2,1,1,5,3,4
S-3763,초등학교,경기도 성남시,무응답,하,학교 진로 상담 참여,2,3,4,1,5,4
S-3769,초등학교,경기도 성남시,무응답,중,학교 진로 상담 참여,3,5,2,3,1,2
S-3771,초등학교,경기도 성남시,무응답,하,학교 진로 상담 참여,4,2,2,1,1,5
S-3773,초등학교,경기도 성남시,무응답,중,학교 진로 상담 참여,2,4,3,1,3,5
S-3775,초등학교,경기도 성남시,무응답,상,학교 진로 상담 참여,1,4,3,1,4,2
S-3776,초등학교,경기도 성남시,무응답,상,학교 진로 상담 참여,5,3,4,5,1,4
S-3777,초등학교,경기도 성남시,무응답,상,학교 진로 상담 참여,2,1,4,4,5,4
S-3782,초등학교,경기도 성남시,무응답,중,학교 진로 상담 참여,4,4,2,2,3,3
S-3786,초등학교,경기도 성남시,무응답,상,학교 진로 상담 참여,4,1,1,3,4,5
S-3787,초등학교,경기도 성남시,무응답,중,학교 진로 상담 참여,3,4,3,4,1,5
S-3788,초등학교,경기도 성남시,무응답,상,학교 진로 상담 참여,3,2,5,2,1,4
S-3790,초등학교,경기도 성남시,무응답,상,학교 진로 상담 참여,1,5,2,2,5,4
S-3791,초등학교,경기도 성남시,무응답,상,학교 진로 상담 참여,2,1,1,2,3,5
S-3792,초등학교,경기도 성남시,무응답,하,학교 진로 상담 참여,5,4,1,1,5,5
S-3796,초등학교,경기도 성남시,무응답,하,학교 진로 상담 참여,2,5,4,1,2,1
S-3797,초등학교,경기도 성남시,무응답,중,학교 진로 상담 참여,1,3,3,4,1,5
S-3799,초등학교,경기도 성남시,무응답,하,학교 진로 상담 참여,5,2,2,1,3,2
S-3800,초등학교,경기도 성남시,무응답,상,학교 진로 상담 참여,4,1,3,5,2,4
S-3802,초등학교,경기도 성남시,무응답,상,학교 진로 상담 참여,2,3,5,1,3,5
S-3803,초등학교,경기도 성남시,무응답,하,학교 진로 상담 참여,5,4,5,4,2,2
S-3804,초등학교,경기도 성남시,무응답,상,학교 진로 상담 참여,1,1,3,1,1,4
S-3806,초등학교,경기도 성남시,무응답,상,학교 진로 상담 참여,5,1,4,4,1,4
S-3809,초등학교,경기도 성남시,무응답,중,학교 진로 상담 참여,3,5,3,4,2,1
S-3812,초등학교,경기도 성남시,무응답,중,학교 진로 상담 참여,4,1,2,5,2,4
S-3814,초등학교,경기도 성남시,무응답,하,학교 진로 상담 참여,1,2,4,3,3,4
S-3815,초등학교,경기도 성남시,무응답,하,학교 진로 상담 참여,5,2,4,5,3,5
S-3816,초등학교,경기도 성남시,무응답,중,학교 진로 상담 참여,5,1,2,5,1,5
S-3819,초등학교,경기도 성남시,무응답,하,학교 진로 상담 참여,3,5,5,5,3,3
S-3822,초등학교,경기도 성남시,무응답,상,학교 진로 상담 참여,1,2,4,5,3,4
S-3823,초등학교,경기도 성남시,무응답,중,학교 진로 상담 참여,3,4,3,2,1,1
S-3828,초등학교,경기도 성남시,무응답,하,학교 진로 상담 참여,3,5,4,3,1,5
S-3830,초등학교,경기도 성남시,무응답,중,학교 진로 상담 참여,3,4,3,4,4,2
S-3831,초등학교,경기도 성남시,무응답,중,학교 진로 상담 참여,1,4,5,3,3,4
S-3833,초등학교,경기도 성남시,무응답,상,학교 진로 상담 참여,1,3,1,1,2,2
S-3834,초등학교,경기도 성남시,무응답,중,학교 진로 상담 참여,4,1,1,4,2,5
S-3835,초등학교,경기도 성남시,무응답,중,학교 진로 상담 참여,2,3,4,1,5,3
S-3838,초등학교,경기도 성남시,무응답,상,학교 진로 상담 참여,1,3,5,2,1,3
S-3839,초등학교,경기도 성남시,무응답,중,학교 진로 상담 참여,3,3,4,1,1,1
S-3843,초등학교,경기도 성남시,무응답,중,학교 진로 상담 참여,1,2,4,4,2,4
S-3844,초등학교,경기도 성남시,무응답,하,학교 진로 상담 참여,3,2,2,3,2,2
S-3847,초등학교,경기도 성남시,무응답,하,학교 진로 상담 참여,1,1,3,5,4,5
S-3849,초등학교,경기도 성남시,무응답,하,학교 진로 상담 참여,5,1,5,1,4,2
S-3856,초등학교,경기도 성남시,무응답,하,학교 진로 상담 참여,3,4,2,5,1,1
S-3857,초등학교,경기도 성남시,무응답,상,학교 진로 상담 참여,4,3,3,5,5,2
S-3860,초등학교,경기도 성남시,무응답,상,학교 진로 상담 참여,5,3,3,4,3,1
S-3861,초등학교,경기도 성남시,무응답,하,학교 진로 상담 참여,4,3,2,5,1,2
S-3862,초등학교,경기도 성남시,무응답,중,학교 진로 상담 참여,5,1,5,4,1,5
S-3863,초등학교,경기도 성남시,무응답,중,학교 진로 상담 참여,4,1,5,1,2,2
S-3864,초등학교,경기도 성남시,무응답,상,학교 진로 상담 참여,2,5,3,5,3,4
S-3865,초등학교,경기도 성남시,무응답,하,학교 진로 상담 참여,4,4,1,2,5,4
S-3866,초등학교,경기도 성남시,무응답,하,학교 진로 상담 참여,2,5,2,1,5,1
S-3868,초등학교,경기도 성남시,무응답,하,학교 진로 상담 참여,3,5,1,5,1,2
S-3869,초등학교,경기도 성남시,무응답,중,학교 진로 상담 참여,4,4,1,1,3,4
S-3872,초등학교,경기도 성남시,무응답,중,학교 진로 상담 참여,3,5,3,3,5,4
S-3876,초등학교,경기도 성남시,무응답,상,학교 진로 상담 참여,4,2,4,4,2,4
S-3877,초등학교,경기도 성남시,무응답,중,학교 진로 상담 참여,4,5,1,2,3,4
S-3881,초등학교,경기도 성남시,무응답,하,학교 진로 상담 참여,2,4,5,1,3,5
S-3882,초등학교,경기도 성남시,무응답,하,학교 진로 상담 참여,5,5,4,5,3,4
S-3885,초등학교,경기도 성남시,무응답,하,학교 진로 상담 참여,3,3,1,3,1,4
S-3886,초등학교,경기도 성남시,무응답,중,학교 진로 상담 참여,2,4,1,4,1,2
S-3890,초등학교,경기도 성남시,무응답,중,학교 진로 상담 참여,4,2,5,5,2,1
S-3892,초등학교,경기도 성남시,무응답,상,학교 진로 상담 참여,4,2,1,3,1,2
S-3893,초등학교,경기도 성남시,무응답,중,학교 진로 상담 참여,4,2,5,5,3,2
S-3900,초등학교,경기도 성남시,무응답,하,학교 진로 상담 참여,4,2,2,5,2,4
S-3902,초등학교,경기도 성남시,무응답,상,학교 진로 상담 참여,4,2,5,1,2,2
S-3905,초등학교,경기도 성남시,무응답,중,학교 진로 상담 참여,5,5,1,3,5,3
S-3906,초등학교,경기도 성남시,무응답,상,학교 진로 상담 참여,3,1,1,5,3,4
S-3912,초등학교,경기도 성남시,무응답,중,학교 진로 상담 참여,4,5,2,5,5,4
S-3913,초등학교,경기도 성남시,무응답,상,학교 진로 상담 참여,1,5,4,2,2,4
S-3916,초등학교,경기도 성남시,무응답,하,학교 진로 상담 참여,5,4,3,3,2,2
S-3917,초등학교,경기도 성남시,무응답,상,학교 진로 상담 참여,3,4,1,2,3,4
S-3920,초등학교,경기도 성남시,무응답,상,학교 진로 상담 참여,4,4,2,3,1,5
S-3922,초등학교,경기도 성남시,무응답,상,학교 진로 상담 참여,4,4,1,3,4,1
S-3923,초등학교,경기도 성남시,무응답,상,학교 진로 상담 참여,1,3,3,2,1,5
S-3927,초등학교,경기도 성남시,무응답,중,학교 진로 상담 참여,5,1,3,5,2,4
S-3928,초등학교,경기도 성남시,무응답,상,학교 진로 상담 참여,1,5,4,2,5,2
S-3930,초등학교,경기도 성남시,무응답,상,학교 진로 상담 참여,5,5,3,3,5,4
S-3934,초등학교,경기도 성남시,무응답,하,학교 진로 상담 참여,1,5,5,1,4,3
S-3938,초등학교,경기도 성남시,무응답,상,학교 진로 상담 참여,1,1,3,2,4,1
S-3939,초등학교,경기도 성남시,무응답,상,학교 진로 상담 참여,2,3,4,1,1,3
S-3943,초등학교,경기도 성남시,무응답,하,학교 진로 상담 참여,1,3,3,4,4,3
S-3948,초등학교,경기도 성남시,무응답,상,학교 진로 상담 참여,5,3,5,5,4,1
S-3950,초등학교,경기도 성남시,무응답,중,학교 진로 상담 참여,5,1,5,3,3,1
S-3951,초등학교,경기도 성남시,무응답,하,학교 진로 상담 참여,4,1,5,5,2,3
S-3953,초등학교,경기도 성남시,무응답,중,학교 진로 상담 참여,2,5,3,3,3,4
S-3959,초등학교,경기도 성남시,무응답,중,학교 진로 상담 참여,5,3,4,2,4,2
S-3962,초등학교,경기도 성남시,무응답,중,학교 진로 상담 참여,5,1,3,4,3,3
S-3964,초등학교,경기도 성남시,무응답,중,학교 진로 상담 참여,4,4,2,2,4,5
S-3967,초등학교,경기도 성남시,무응답,하,학교 진로 상담 참여,3,5,3,5,3,3
S-3974,초등학교,경기도 성남시,무응답,하,학교 진로 상담 참여,4,3,3,1,3,3
S-3976,초등학교,경기도 성남시,무응답,상,학교 진로 상담 참여,1,4,2,2,4,2
S-3979,초등학교,경기도 성남시,무응답,하,학교 진로 상담 참여,1,2,2,4,1,1
S-3980,초등학교,경기도 성남시,무응답,하,학교 진로 상담 참여,3,3,2,2,2,1
S-3982,초등학교,경기도 성남시,무응답,하,학교 진로 상담 참여,1,5,3,5,5,4
S-3985,초등학교,경기도 성남시,무응답,중,학교 진로 상담 참여,1,5,3,4,2,3
S-3988,초등학교,경기도 성남시,무응답,상,학교 진로 상담 참여,3,4,4,2,1,2
S-3989,초등학교,경기도 성남시,무응답,하,학교 진로 상담 참여,3,2,5,2,1,2
S-3993,초등학교,경기도 성남시,무응답,하,학교 진로 상담 참여,3,2,2,1,5,5
S-3998,초등학교,경기도 성남시,무응답,중,학교 진로 상담 참여,4,4,4,4,5,2
S-3999,초등학교,경기도 성남시,무응답,상,학교 진로 상담 참여,3,3,4,4,2,2
S-4000,초등학교,경기도 성남시,무응답,하,학교 진로 상담 참여,4,5,2,5,3,3
S-4001,초등학교,경기도 성남시,무응답,하,학교 진로 상담 참여,4,3,4,5,5,1
S-4002,초등학교,경기도 성남시,무응답,하,학교 진로 상담 참여,5,1,2,4,1,1
S-4003,초등학교,경기도 성남시,무응답,중,학교 진로 상담 참여,4,5,2,1,1,2
S-4004,초등학교,경기도 성남시,무응답,중,학교 진로 상담 참여,1,4,2,1,5,4
S-4005,초등학교,경기도 성남시,무응답,하,학교 진로 상담 참여,4,1,4,4,2,1
S-4008,초등학교,경기도 성남시,무응답,중,학교 진로 상담 참여,1,5,4,3,5,5
S-4009,초등학교,경기도 성남시,무응답,중,학교 진로 상담 참여,4,3,4,5,1,2
S-4015,초등학교,경기도 성남시,무응답,중,학교 진로 상담 참여,5,4,5,4,1,4
S-4016,초등학교,경기도 성남시,무응답,중,학교 진로 상담 참여,5,3,3,2,1,1
S-4017,초등학교,경기도 성남시,무응답,중,학교 진로 상담 참여,1,2,3,4,5,4
S-4020,초등학교,경기도 성남시,무응답,하,학교 진로 상담 참여,5,2,3,1,2,2
S-4021,초등학교,경기도 성남시,무응답,상,학교 진로 상담 참여,3,5,5,4,1,3
S-4025,초등학교,경기도 성남시,무응답,하,학교 진로 상담 참여,4,4,1,5,5,1
S-4029,초등학교,경기도 성남시,무응답,중,학교 진로 상담 참여,5,5,5,1,1,2
S-4030,초등학교,경기도 성남시,무응답,중,학교 진로 상담 참여,2,3,3,5,4,3
S-4031,초등학교,경기도 성남시,무응답,상,학교 진로 상담 참여,2,3,4,4,4,1
S-4033,초등학교,경기도 성남시,무응답,상,학교 진로 상담 참여,4,5,1,3,5,2
S-4037,초등학교,경기도 성남시,무응답,상,학교 진로 상담 참여,1,3,3,4,4,4
S-4039,초등학교,경기도 성남시,무응답,중,학교 진로 상담 참여,3,2,2,1,2,2
S-4041,초등학교,경기도 성남시,무응답,상,학교 진로 상담 참여,3,1,5,5,2,3
S-4044,초등학교,경기도 성남시,무응답,상,학교 진로 상담 참여,5,3,4,2,5,4
S-4054,초등학교,경기도 성남시,무응답,하,학교 진로 상담 참여,2,2,1,4,5,3
S-4058,초등학교,경기도 성남시,무응답,상,학교 진로 상담 참여,2,2,2,3,1,5
S-4196,초등학교,경기도 성남시,무응답,하,학교 진로 상담 참여,5,4,1,1,1,5
S-4200,초등학교,경기도 성남시,무응답,중,학교 진로 상담 참여,2,1,3,1,2,4
S-4202,초등학교,경기도 성남시,무응답,상,학교 진로 상담 참여,4,5,1,2,1,5
S-4203,초등학교,경기도 성남시,무응답,중,학교 진로 상담 참여,1,5,3,3,5,3
S-4205,초등학교,경기도 성남시,무응답,상,학교 진로 상담 참여,5,1,1,4,1,4
S-4207,초등학교,경기도 성남시,무응답,중,학교 진로 상담 참여,5,4,2,2,4,5
S-4208,초등학교,경기도 성남시,무응답,중,학교 진로 상담 참여,4,5,2,1,4,1
S-4211,초등학교,경기도 성남시,무응답,상,학교 진로 상담 참여,4,2,2,1,5,5
S-4212,초등학교,경기도 성남시,무응답,상,학교 진로 상담 참여,5,3,4,3,2,3
S-4213,초등학교,경기도 성남시,무응답,중,학교 진로 상담 참여,5,3,1,5,5,3
S-4214,초등학교,경기도 성남시,무응답,상,학교 진로 상담 참여,5,3,1,4,2,5
S-4216,초등학교,경기도 성남시,무응답,하,학교 진로 상담 참여,5,2,4,2,5,1
S-4218,초등학교,경기도 성남시,무응답,상,학교 진로 상담 참여,5,4,1,3,2,5
S-4223,초등학교,경기도 성남시,무응답,중,학교 진로 상담 참여,3,2,5,1,2,3
S-4225,초등학교,경기도 성남시,무응답,중,학교 진로 상담 참여,2,1,5,2,1,3
S-4227,초등학교,경기도 성남시,무응답,하,학교 진로 상담 참여,4,3,4,2,4,5
S-4231,초등학교,경기도 성남시,무응답,상,학교 진로 상담 참여,5,4,2,2,4,4
S-4233,초등학교,경기도 성남시,무응답,상,학교 진로 상담 참여,1,5,5,5,5,3
S-4234,초등학교,경기도 성남시,무응답,중,학교 진로 상담 참여,5,1,1,4,4,1
S-4235,초등학교,경기도 성남시,무응답,중,학교 진로 상담 참여,1,3,2,4,2,2
S-4238,초등학교,경기도 성남시,무응답,중,학교 진로 상담 참여,5,3,2,5,4,2
S-4242,초등학교,경기도 성남시,무응답,하,학교 진로 상담 참여,1,5,2,3,1,1
S-4249,초등학교,경기도 성남시,무응답,상,학교 진로 상담 참여,2,1,5,2,3,3
S-4250,초등학교,경기도 성남시,무응답,하,학교 진로 상담 참여,5,5,4,4,5,3
S-4253,초등학교,경기도 성남시,무응답,하,학교 진로 상담 참여,2,1,4,1,5,5
S-4255,초등학교,경기도 성남시,무응답,중,학교 진로 상담 참여,1,4,2,5,4,4
S-4261,초등학교,경기도 성남시,무응답,하,학교 진로 상담 참여,4,5,5,5,4,1
S-4262,초등학교,경기도 성남시,무응답,상,학교 진로 상담 참여,2,3,1,1,3,5
S-4266,초등학교,경기도 성남시,무응답,상,학교 진로 상담 참여,3,4,4,5,3,1
S-4268,초등학교,경기도 성남시,무응답,하,학교 진로 상담 참여,4,3,5,1,4,4
S-4270,초등학교,경기도 성남시,무응답,상,학교 진로 상담 참여,2,3,2,3,4,3
S-4271,초등학교,경기도 성남시,무응답,상,학교 진로 상담 참여,2,5,3,1,5,3
S-4272,초등학교,경기도 성남시,무응답,상,학교 진로 상담 참여,1,1,4,5,5,1
S-4273,초등학교,경기도 성남시,무응답,하,학교 진로 상담 참여,5,1,1,3,5,4
S-4276,초등학교,경기도 성남시,무응답,중,학교 진로 상담 참여,3,5,3,2,1,2
S-4277,초등학교,경기도 성남시,무응답,중,학교 진로 상담 참여,2,1,5,2,2,4
S-4283,초등학교,경기도 성남시,무응답,상,학교 진로 상담 참여,1,2,2,2,1,5
S-4284,초등학교,경기도 성남시,무응답,하,학교 진로 상담 참여,3,2,3,5,1,1
S-4287,초등학교,경기도 성남시,무응답,중,학교 진로 상담 참여,4,1,5,4,3,1
S-4293,초등학교,경기도 성남시,무응답,중,학교 진로 상담 참여,4,2,3,1,5,1
S-4294,초등학교,경기도 성남시,무응답,상,학교 진로 상담 참여,2,5,5,4,1,4
S-4298,초등학교,경기도 성남시,무응답,하,학교 진로 상담 참여,3,4,5,5,2,4
S-4300,초등학교,경기도 성남시,무응답,하,학교 진로 상담 참여,3,1,1,5,5,3
S-4303,초등학교,경기도 성남시,무응답,상,학교 진로 상담 참여,5,4,2,3,4,2
S-4304,초등학교,경기도 성남시,무응답,하,학교 진로 상담 참여,1,2,3,1,5,3
S-4306,초등학교,경기도 성남시,무응답,하,학교 진로 상담 참여,2,4,3,4,1,5
S-4307,초등학교,경기도 성남시,무응답,하,학교 진로 상담 참여,4,4,3,2,3,2
S-4308,초등학교,경기도 성남시,무응답,중,학교 진로 상담 참여,2,4,2,2,4,2
S-4312,초등학교,경기도 성남시,무응답,중,학교 진로 상담 참여,3,1,1,5,5,3
S-4313,초등학교,경기도 성남시,무응답,하,학교 진로 상담 참여,2,3,1,4,4,1
S-4317,초등학교,경기도 성남시,무응답,중,학교 진로 상담 참여,4,4,1,5,4,4
S-4319,초등학교,경기도 성남시,무응답,상,학교 진로 상담 참여,1,4,1,5,5,1
S-4320,초등학교,경기도 성남시,무응답,하,학교 진로 상담 참여,3,1,1,2,5,5
S-4323,초등학교,경기도 성남시,무응답,상,학교 진로 상담 참여,3,2,1,3,5,2
S-4324,초등학교,경기도 성남시,무응답,상,학교 진로 상담 참여,5,5,3,2,3,1
S-4328,초등학교,경기도 성남시,무응답,중,학교 진로 상담 참여,5,3,2,3,4,2
S-4329,초등학교,경기도 성남시,무응답,상,학교 진로 상담 참여,5,5,2,4,5,2
S-4332,초등학교,경기도 성남시,무응답,상,학교 진로 상담 참여,2,1,3,1,2,3
S-4335,초등학교,경기도 성남시,무응답,중,학교 진로 상담 참여,4,2,4,2,4,4
S-4340,초등학교,경기도 성남시,무응답,하,학교 진로 상담 참여,2,2,4,4,3,1
S-4342,초등학교,경기도 성남시,무응답,중,학교 진로 상담 참여,2,3,1,4,3,1
S-4344,초등학교,경기도 성남시,무응답,중,학교 진로 상담 참여,3,4,5,4,3,3
S-4346,초등학교,경기도 성남시,무응답,하,학교 진로 상담 참여,4,3,2,2,5,3
S-4347,초등학교,경기도 성남시,무응답,중,학교 진로 상담 참여,4,4,2,4,1,2
S-4348,초등학교,경기도 성남시,무응답,중,학교 진로 상담 참여,1,1,1,3,1,3
S-4354,초등학교,경기도 성남시,무응답,중,학교 진로 상담 참여,3,4,2,3,4,2
S-4357,초등학교,경기도 성남시,무응답,중,학교 진로 상담 참여,3,5,1,3,1,1
S-4361,초등학교,경기도 성남시,무응답,하,학교 진로 상담 참여,1,1,3,2,1,1
S-4367,초등학교,경기도 성남시,무응답,하,학교 진로 상담 참여,5,4,5,4,3,4
S-4368,초등학교,경기도 성남시,무응답,중,학교 진로 상담 참여,2,2,3,3,4,2
S-4373,초등학교,경기도 성남시,무응답,하,학교 진로 상담 참여,3,2,3,2,4,5
S-4375,초등학교,경기도 성남시,무응답,하,학교 진로 상담 참여,2,2,1,5,2,5
S-4380,초등학교,경기도 성남시,무응답,중,학교 진로 상담 참여,4,3,3,5,5,4
S-4390,초등학교,경기도 성남시,무응답,상,학교 진로 상담 참여,3,4,2,4,3,1
S-4392,초등학교,경기도 성남시,무응답,중,학교 진로 상담 참여,2,5,3,2,2,3
S-4394,초등학교,경기도 성남시,무응답,상,학교 진로 상담 참여,2,1,3,5,4,3
S-4397,초등학교,경기도 성남시,무응답,하,학교 진로 상담 참여,5,5,1,1,5,5
S-4398,초등학교,경기도 성남시,무응답,하,학교 진로 상담 참여,3,5,3,4,5,4
S-4403,초등학교,경기도 성남시,무응답,하,학교 진로 상담 참여,2,2,1,4,1,5
S-4404,초등학교,경기도 성남시,무응답,상,학교 진로 상담 참여,5,1,1,2,3,5
S-4405,초등학교,경기도 성남시,무응답,상,학교 진로 상담 참여,4,4,4,3,1,1
S-4409,초등학교,경기도 성남시,무응답,하,학교 진로 상담 참여,2,3,5,1,1,3
S-4414,초등학교,경기도 성남시,무응답,하,학교 진로 상담 참여,5,3,2,1,3,3
S-4415,초등학교,경기도 성남시,무응답,상,학교 진로 상담 참여,1,1,3,1,4,4
S-4416,초등학교,경기도 성남시,무응답,중,학교 진로 상담 참여,4,3,4,2,3,5
S-4420,초등학교,경기도 성남시,무응답,하,학교 진로 상담 참여,5,2,5,4,3,4
S-4423,초등학교,경기도 성남시,무응답,중,학교 진로 상담 참여,1,4,1,4,1,4
S-4425,초등학교,경기도 성남시,무응답,상,학교 진로 상담 참여,5,5,2,2,3,1
S-4427,초등학교,경기도 성남시,무응답,상,학교 진로 상담 참여,2,4,5,1,5,3
S-4431,초등학교,경기도 성남시,무응답,상,학교 진로 상담 참여,3,2,2,5,1,5
S-4432,초등학교,경기도 성남시,무응답,하,학교 진로 상담 참여,2,5,2,3,3,5
S-4436,초등학교,경기도 성남시,무응답,중,학교 진로 상담 참여,3,1,4,3,5,2
S-4437,초등학교,경기도 성남시,무응답,하,학교 진로 상담 참여,1,4,4,5,1,3
S-4439,초등학교,경기도 성남시,무응답,상,학교 진로 상담 참여,5,2,1,3,2,5
S-4441,초등학교,경기도 성남시,무응답,하,학교 진로 상담 참여,1,3,2,2,5,5
S-4446,초등학교,경기도 성남시,무응답,상,학교 진로 상담 참여,2,5,5,4,2,3
S-4454,초등학교,경기도 성남시,무응답,상,학교 진로 상담 참여,5,2,5,4,1,4
S-4459,초등학교,경기도 성남시,무응답,상,학교 진로 상담 참여,3,3,4,1,5,5
S-4460,초등학교,경기도 성남시,무응답,중,학교 진로 상담 참여,2,3,4,2,4,4
S-4463,초등학교,경기도 성남시,무응답,중,학교 진로 상담 참여,1,1,4,4,5,1
S-4465,초등학교,경기도 성남시,무응답,하,학교 진로 상담 참여,3,2,2,4,5,2
S-4467,초등학교,경기도 성남시,무응답,상,학교 진로 상담 참여,3,3,5,4,4,1
S-4468,초등학교,경기도 성남시,무응답,상,학교 진로 상담 참여,1,2,2,1,3,1
S-4472,초등학교,경기도 성남시,무응답,상,학교 진로 상담 참여,3,1,3,2,5,5
S-4520,초등학교,경기도 성남시,무응답,상,학교 진로 상담 참여,2,5,2,1,1,1
S-4521,초등학교,경기도 성남시,무응답,하,학교 진로 상담 참여,5,2,5,2,3,3
S-4523,초등학교,경기도 성남시,무응답,하,학교 진로 상담 참여,4,5,2,3,5,3
S-4525,초등학교,경기도 성남시,무응답,중,학교 진로 상담 참여,3,3,4,5,1,3
S-4526,초등학교,경기도 성남시,무응답,상,학교 진로 상담 참여,4,3,3,5,4,2
S-4528,초등학교,경기도 성남시,무응답,하,학교 진로 상담 참여,2,2,5,2,2,3
S-4529,초등학교,경기도 성남시,무응답,하,학교 진로 상담 참여,2,2,4,4,3,5
S-4530,초등학교,경기도 성남시,무응답,상,학교 진로 상담 참여,1,3,3,3,1,1
S-4665,초등학교,경기도 성남시,무응답,하,학교 진로 상담 참여,1,3,4,1,3,1
S-4666,초등학교,경기도 성남시,무응답,하,학교 진로 상담 참여,4,2,2,2,2,3
S-4672,초등학교,경기도 성남시,무응답,중,학교 진로 상담 참여,2,1,2,2,2,2
S-4673,초등학교,경기도 성남시,무응답,상,학교 진로 상담 참여,2,2,3,1,5,2
S-4761,초등학교,경기도 성남시,무응답,상,학교 진로 상담 참여,3,5,4,5,3,3
S-4762,초등학교,경기도 성남시,무응답,하,학교 진로 상담 참여,4,3,5,3,2,3
S-4763,초등학교,경기도 성남시,무응답,상,학교 진로 상담 참여,2,1,2,5,5,1
S-4765,초등학교,경기도 성남시,무응답,상,학교 진로 상담 참여,4,4,1,3,4,3
S-4766,초등학교,경기도 성남시,무응답,중,학교 진로 상담 참여,1,4,4,5,2,3
S-4767,초등학교,경기도 성남시,무응답,하,학교 진로 상담 참여,1,2,3,3,5,2
S-4769,초등학교,경기도 성남시,무응답,중,학교 진로 상담 참여,4,1,5,5,4,5
S-4771,초등학교,경기도 성남시,무응답,중,학교 진로 상담 참여,2,5,3,4,5,4
S-4772,초등학교,경기도 성남시,무응답,상,학교 진로 상담 참여,1,2,3,1,1,4
S-4774,초등학교,경기도 성남시,무응답,중,학교 진로 상담 참여,2,2,1,1,2,1
S-4775,초등학교,경기도 성남시,무응답,중,학교 진로 상담 참여,1,3,5,1,1,1
S-4776,초등학교,경기도 성남시,무응답,상,학교 진로 상담 참여,5,4,1,1,1,3
S-4777,초등학교,경기도 성남시,무응답,중,학교 진로 상담 참여,2,4,2,5,1,4
S-4814,초등학교,경기도 성남시,무응답,중,학교 진로 상담 참여,2,2,5,4,3,2
S-4815,초등학교,경기도 성남시,무응답,상,학교 진로 상담 참여,4,2,2,3,5,5
S-4816,초등학교,경기도 성남시,무응답,하,학교 진로 상담 참여,5,4,4,2,5,4
S-4817,초등학교,경기도 성남시,무응답,상,학교 진로 상담 참여,1,4,2,3,5,4
S-4818,초등학교,경기도 성남시,무응답,하,학교 진로 상담 참여,4,3,2,3,1,1
S-4820,초등학교,경기도 성남시,무응답,중,학교 진로 상담 참여,3,2,4,5,1,4
S-4821,초등학교,경기도 성남시,무응답,하,학교 진로 상담 참여,2,5,2,4,4,4
S-4822,초등학교,경기도 성남시,무응답,중,학교 진로 상담 참여,2,1,5,5,5,4
S-4824,초등학교,경기도 성남시,무응답,중,학교 진로 상담 참여,1,5,3,3,3,5
S-4825,초등학교,경기도 성남시,무응답,중,학교 진로 상담 참여,3,5,5,1,2,4
S-4826,초등학교,경기도 성남시,무응답,하,학교 진로 상담 참여,4,1,4,5,3,2
S-4827,초등학교,경기도 성남시,무응답,하,학교 진로 상담 참여,4,5,2,3,4,2
S-4828,초등학교,경기도 성남시,무응답,상,학교 진로 상담 참여,5,4,2,4,4,5
S-4829,초등학교,경기도 성남시,무응답,상,학교 진로 상담 참여,1,1,5,4,5,3
S-4830,초등학교,경기도 성남시,무응답,중,학교 진로 상담 참여,4,5,1,2,1,1
S-4831,초등학교,경기도 성남시,무응답,상,학교 진로 상담 참여,4,5,3,1,3,5
S-4835,초등학교,경기도 성남시,무응답,상,학교 진로 상담 참여,1,5,5,4,4,1
S-4929,초등학교,경기도 성남시,무응답,상,학교 진로 상담 참여,1,5,2,2,4,1
S-4930,초등학교,경기도 성남시,무응답,하,학교 진로 상담 참여,2,3,1,3,1,4
S-4931,초등학교,경기도 성남시,무응답,중,학교 진로 상담 참여,1,1,4,3,3,4
S-4932,초등학교,경기도 성남시,무응답,중,학교 진로 상담 참여,3,2,3,2,2,3
S-4934,초등학교,경기도 성남시,무응답,하,학교 진로 상담 참여,1,1,2,3,5,5
S-4935,초등학교,경기도 성남시,무응답,하,학교 진로 상담 참여,1,5,5,1,5,3
S-4936,초등학교,경기도 성남시,무응답,중,학교 진로 상담 참여,4,5,1,1,2,2
S-4937,초등학교,경기도 성남시,무응답,하,학교 진로 상담 참여,2,1,1,1,1,1
S-4943,초등학교,경기도 성남시,무응답,상,학교 진로 상담 참여,3,5,4,1,4,1
S-4944,초등학교,경기도 성남시,무응답,상,학교 진로 상담 참여,3,5,5,1,1,4
S-4947,초등학교,경기도 성남시,무응답,하,학교 진로 상담 참여,2,4,4,4,1,1
S-4948,초등학교,경기도 성남시,무응답,하,학교 진로 상담 참여,1,1,4,2,5,5
S-4949,초등학교,경기도 성남시,무응답,중,학교 진로 상담 참여,3,5,3,2,5,1
S-4952,초등학교,경기도 성남시,무응답,하,학교 진로 상담 참여,5,5,3,2,4,3
S-4953,초등학교,경기도 성남시,무응답,하,학교 진로 상담 참여,4,4,4,3,1,3
S-4957,초등학교,경기도 성남시,무응답,상,학교 진로 상담 참여,5,5,1,5,3,4
S-4962,초등학교,경기도 성남시,무응답,중,학교 진로 상담 참여,5,5,2,5,5,1
S-4968,초등학교,경기도 성남시,무응답,중,학교 진로 상담 참여,4,1,1,2,1,2
S-4969,초등학교,경기도 성남시,무응답,중,학교 진로 상담 참여,4,2,2,5,3,3
S-4975,초등학교,경기도 성남시,무응답,상,학교 진로 상담 참여,5,5,2,3,3,5
S-4977,초등학교,경기도 성남시,무응답,상,학교 진로 상담 참여,4,2,2,2,1,1
S-4978,초등학교,경기도 성남시,무응답,중,학교 진로 상담 참여,1,3,2,4,2,4
S-4979,초등학교,경기도 성남시,무응답,중,학교 진로 상담 참여,4,2,1,5,1,5
S-4980,초등학교,경기도 성남시,무응답,하,학교 진로 상담 참여,5,5,3,1,5,3
S-4985,초등학교,경기도 성남시,무응답,중,학교 진로 상담 참여,2,3,4,2,5,3
S-4988,초등학교,경기도 성남시,무응답,중,학교 진로 상담 참여,3,5,3,5,1,1
S-4990,초등학교,경기도 성남시,무응답,상,학교 진로 상담 참여,4,1,1,3,1,3
S-4991,초등학교,경기도 성남시,무응답,하,학교 진로 상담 참여,3,5,1,5,5,3
S-4992,초등학교,경기도 성남시,무응답,상,학교 진로 상담 참여,3,1,3,1,2,5
S-4994,초등학교,경기도 성남시,무응답,상,학교 진로 상담 참여,5,5,1,3,4,5
S-4998,초등학교,경기도 성남시,무응답,상,학교 진로 상담 참여,4,2,1,3,2,3
S-5001,초등학교,경기도 성남시,무응답,중,학교 진로 상담 참여,2,3,1,4,2,4
S-5002,초등학교,경기도 성남시,무응답,중,학교 진로 상담 참여,1,5,3,4,4,5
S-5004,초등학교,경기도 성남시,무응답,중,학교 진로 상담 참여,5,1,2,4,4,2
S-5005,초등학교,경기도 성남시,무응답,하,학교 진로 상담 참여,1,1,5,5,4,3
S-5006,초등학교,경기도 성남시,무응답,하,학교 진로 상담 참여,5,5,1,3,4,5
S-5007,초등학교,경기도 성남시,무응답,하,학교 진로 상담 참여,5,5,1,2,2,2
S-5008,초등학교,경기도 성남시,무응답,중,학교 진로 상담 참여,2,1,3,1,4,1
S-5012,초등학교,경기도 성남시,무응답,하,학교 진로 상담 참여,2,2,5,2,1,2
S-5014,초등학교,경기도 성남시,무응답,하,학교 진로 상담 참여,2,3,3,3,5,3
S-5018,초등학교,경기도 성남시,무응답,상,학교 진로 상담 참여,2,3,3,4,4,1
S-5019,초등학교,경기도 성남시,무응답,중,학교 진로 상담 참여,2,1,2,2,3,4
S-5020,초등학교,경기도 성남시,무응답,하,학교 진로 상담 참여,4,1,4,5,1,5
S-5022,초등학교,경기도 성남시,무응답,하,학교 진로 상담 참여,3,4,3,1,2,5
S-5023,초등학교,경기도 성남시,무응답,중,학교 진로 상담 참여,5,2,2,5,1,4
S-5024,초등학교,경기도 성남시,무응답,하,학교 진로 상담 참여,4,5,3,3,4,4
S-5026,초등학교,경기도 성남시,무응답,상,학교 진로 상담 참여,5,1,4,3,2,5
S-5028,초등학교,경기도 성남시,무응답,상,학교 진로 상담 참여,5,1,5,4,5,2
S-5034,초등학교,경기도 성남시,무응답,상,학교 진로 상담 참여,2,1,4,3,1,1
S-5035,초등학교,경기도 성남시,무응답,중,학교 진로 상담 참여,4,4,2,3,5,2
S-5036,초등학교,경기도 성남시,무응답,중,학교 진로 상담 참여,4,5,4,1,1,1
S-5042,초등학교,경기도 성남시,무응답,상,학교 진로 상담 참여,2,1,3,2,5,1
S-5043,초등학교,경기도 성남시,무응답,중,학교 진로 상담 참여,1,5,4,2,1,3
S-5046,초등학교,경기도 성남시,무응답,상,학교 진로 상담 참여,4,4,4,1,1,4
S-5048,초등학교,경기도 성남시,무응답,상,학교 진로 상담 참여,2,5,3,3,2,2
S-5050,초등학교,경기도 성남시,무응답,하,학교 진로 상담 참여,3,5,3,4,1,5
S-5053,초등학교,경기도 성남시,무응답,중,학교 진로 상담 참여,3,2,3,4,1,1
S-5055,초등학교,경기도 성남시,무응답,중,학교 진로 상담 참여,3,4,5,4,5,4
S-5057,초등학교,경기도 성남시,무응답,중,학교 진로 상담 참여,1,4,5,5,5,4
S-5058,초등학교,경기도 성남시,무응답,상,학교 진로 상담 참여,1,3,3,4,4,2
S-5060,초등학교,경기도 성남시,무응답,하,학교 진로 상담 참여,5,4,4,2,3,1
S-5071,초등학교,경기도 성남시,무응답,중,학교 진로 상담 참여,2,1,4,3,4,1
S-5074,초등학교,경기도 성남시,무응답,중,학교 진로 상담 참여,4,3,1,5,5,5
S-5075,초등학교,경기도 성남시,무응답,상,학교 진로 상담 참여,2,2,3,2,5,1
S-5077,초등학교,경기도 성남시,무응답,하,학교 진로 상담 참여,4,1,1,5,4,3
S-5078,초등학교,경기도 성남시,무응답,하,학교 진로 상담 참여,4,4,5,5,4,4
S-5081,초등학교,경기도 성남시,무응답,상,학교 진로 상담 참여,3,4,1,5,3,5
S-5082,초등학교,경기도 성남시,무응답,하,학교 진로 상담 참여,5,4,2,1,2,3
S-5084,초등학교,경기도 성남시,무응답,중,학교 진로 상담 참여,5,1,3,4,3,2
S-5085,초등학교,경기도 성남시,무응답,상,학교 진로 상담 참여,4,3,2,1,1,4
S-5089,초등학교,경기도 성남시,무응답,상,학교 진로 상담 참여,4,2,1,5,4,3
S-5090,초등학교,경기도 성남시,무응답,중,학교 진로 상담 참여,1,1,1,5,3,4
S-5095,초등학교,경기도 성남시,무응답,상,학교 진로 상담 참여,5,5,1,5,2,5
S-5096,초등학교,경기도 성남시,무응답,하,학교 진로 상담 참여,4,4,5,4,1,2
S-5098,초등학교,경기도 성남시,무응답,상,학교 진로 상담 참여,4,2,5,5,5,4
S-5099,초등학교,경기도 성남시,무응답,하,학교 진로 상담 참여,2,3,4,4,3,5
S-5101,초등학교,경기도 성남시,무응답,중,학교 진로 상담 참여,5,1,1,3,4,5
S-5102,초등학교,경기도 성남시,무응답,중,학교 진로 상담 참여,3,1,5,3,4,5
S-5106,초등학교,경기도 성남시,무응답,중,학교 진로 상담 참여,1,3,4,3,4,3
S-5107,초등학교,경기도 성남시,무응답,상,학교 진로 상담 참여,3,3,5,4,2,5
S-5109,초등학교,경기도 성남시,무응답,하,학교 진로 상담 참여,3,3,1,2,4,3
S-5141,초등학교,경기도 성남시,무응답,중,학교 진로 상담 참여,3,5,1,4,3,3
S-5142,초등학교,경기도 성남시,무응답,중,학교 진로 상담 참여,4,3,1,3,1,2
S-5143,초등학교,경기도 성남시,무응답,상,학교 진로 상담 참여,3,1,5,5,1,2
S-5144,초등학교,경기도 성남시,무응답,하,학교 진로 상담 참여,4,3,1,3,3,2
S-5269,초등학교,경기도 성남시,무응답,상,학교 진로 상담 참여,4,3,5,5,5,2
S-5270,초등학교,경기도 성남시,무응답,중,학교 진로 상담 참여,5,1,1,5,2,3
S-5271,초등학교,경기도 성남시,무응답,상,학교 진로 상담 참여,4,4,1,5,2,5
S-5272,초등학교,경기도 성남시,무응답,상,학교 진로 상담 참여,2,3,5,1,5,1
S-5273,초등학교,경기도 성남시,무응답,상,학교 진로 상담 참여,2,3,3,5,4,5
S-5274,초등학교,경기도 성남시,무응답,중,학교 진로 상담 참여,1,1,2,2,3,4
S-5276,초등학교,경기도 성남시,무응답,하,학교 진로 상담 참여,3,1,5,4,3,5
S-5277,초등학교,경기도 성남시,무응답,하,학교 진로 상담 참여,5,1,5,4,4,5
S-5278,초등학교,경기도 성남시,무응답,하,학교 진로 상담 참여,4,5,3,3,5,5
S-5279,초등학교,경기도 성남시,무응답,상,학교 진로 상담 참여,5,4,3,3,3,2
S-5280,초등학교,경기도 성남시,무응답,상,학교 진로 상담 참여,1,3,2,2,4,4
S-5281,초등학교,경기도 성남시,무응답,중,학교 진로 상담 참여,1,4,4,5,4,4
S-5282,초등학교,경기도 성남시,무응답,중,학교 진로 상담 참여,4,4,2,4,2,3
S-5283,초등학교,경기도 성남시,무응답,하,학교 진로 상담 참여,2,4,4,4,3,2
S-5285,초등학교,경기도 성남시,무응답,중,학교 진로 상담 참여,3,3,1,2,4,1
S-5286,초등학교,경기도 성남시,무응답,중,학교 진로 상담 참여,5,2,4,5,2,4
S-5287,초등학교,경기도 성남시,무응답,상,학교 진로 상담 참여,5,1,4,2,4,3
S-5288,초등학교,경기도 성남시,무응답,하,학교 진로 상담 참여,4,2,2,2,3,3
S-5290,초등학교,경기도 성남시,무응답,중,학교 진로 상담 참여,1,5,5,1,3,2
S-5291,초등학교,경기도 성남시,무응답,중,학교 진로 상담 참여,5,5,4,2,1,1
S-5292,초등학교,경기도 성남시,무응답,하,학교 진로 상담 참여,2,2,4,5,2,1
S-5293,초등학교,경기도 성남시,무응답,중,학교 진로 상담 참여,1,2,5,4,5,2
S-5344,초등학교,경기도 성남시,무응답,하,학교 진로 상담 참여,1,4,1,5,5,2
S-5348,초등학교,경기도 성남시,무응답,하,학교 진로 상담 참여,1,2,1,3,5,4
S-5349,초등학교,경기도 성남시,무응답,중,학교 진로 상담 참여,5,3,3,2,1,4
S-5351,초등학교,경기도 성남시,무응답,상,학교 진로 상담 참여,1,5,1,2,4,2
S-5352,초등학교,경기도 성남시,무응답,하,학교 진로 상담 참여,2,3,3,4,1,1
S-5355,초등학교,경기도 성남시,무응답,상,학교 진로 상담 참여,5,5,4,3,2,4
S-5356,초등학교,경기도 성남시,무응답,중,학교 진로 상담 참여,2,3,4,1,5,5
S-5433,초등학교,경기도 성남시,무응답,하,학교 진로 상담 참여,5,4,3,1,1,5
S-5434,초등학교,경기도 성남시,무응답,중,학교 진로 상담 참여,2,4,2,5,2,3
S-5435,초등학교,경기도 성남시,무응답,중,학교 진로 상담 참여,2,4,3,5,3,2
S-5436,초등학교,경기도 성남시,무응답,중,학교 진로 상담 참여,4,3,3,1,1,3
S-5437,초등학교,경기도 성남시,무응답,상,학교 진로 상담 참여,5,1,3,5,3,1
S-5438,초등학교,경기도 성남시,무응답,중,학교 진로 상담 참여,2,5,4,1,5,1
S-5439,초등학교,경기도 성남시,무응답,상,학교 진로 상담 참여,2,4,4,5,2,5
S-5441,초등학교,경기도 성남시,무응답,중,학교 진로 상담 참여,2,3,4,2,3,2
S-5623,초등학교,경기도 성남시,무응답,중,학교 진로 상담 참여,5,3,3,4,1,1
S-5628,초등학교,경기도 성남시,무응답,상,학교 진로 상담 참여,2,2,1,4,3,2
S-5630,초등학교,경기도 성남시,무응답,중,학교 진로 상담 참여,4,1,2,4,3,5
S-5632,초등학교,경기도 성남시,무응답,중,학교 진로 상담 참여,1,2,1,4,4,5
S-5635,초등학교,경기도 성남시,무응답,하,학교 진로 상담 참여,1,2,2,1,2,5
S-5638,초등학교,경기도 성남시,무응답,상,학교 진로 상담 참여,2,4,1,3,2,3
S-5640,초등학교,경기도 성남시,무응답,상,학교 진로 상담 참여,5,2,4,4,4,3
S-5641,초등학교,경기도 성남시,무응답,상,학교 진로 상담 참여,3,5,3,2,1,3
S-5643,초등학교,경기도 성남시,무응답,하,학교 진로 상담 참여,3,4,5,4,5,4
S-5708,초등학교,경기도 성남시,무응답,하,학교 진로 상담 참여,1,4,4,5,2,3
S-5709,초등학교,경기도 성남시,무응답,하,학교 진로 상담 참여,5,3,3,3,3,1
S-5710,초등학교,경기도 성남시,무응답,상,학교 진로 상담 참여,2,3,3,4,1,4
S-5711,초등학교,경기도 성남시,무응답,하,학교 진로 상담 참여,3,2,4,2,4,4
S-5713,초등학교,경기도 성남시,무응답,하,학교 진로 상담 참여,4,1,4,3,1,3
S-5714,초등학교,경기도 성남시,무응답,상,학교 진로 상담 참여,3,2,4,3,4,1
S-5715,초등학교,경기도 성남시,무응답,중,학교 진로 상담 참여,2,1,1,4,2,4
S-5716,초등학교,경기도 성남시,무응답,하,학교 진로 상담 참여,4,1,4,1,3,3
S-5717,초등학교,경기도 성남시,무응답,하,학교 진로 상담 참여,5,2,2,2,5,2
S-5719,초등학교,경기도 성남시,무응답,중,학교 진로 상담 참여,2,5,3,1,5,5
S-5720,초등학교,경기도 성남시,무응답,상,학교 진로 상담 참여,3,4,5,1,4,4
S-5722,초등학교,경기도 성남시,무응답,하,학교 진로 상담 참여,3,3,3,3,1,3
S-5723,초등학교,경기도 성남시,무응답,중,학교 진로 상담 참여,1,4,2,1,4,3
S-5725,초등학교,경기도 성남시,무응답,중,학교 진로 상담 참여,2,1,1,4,5,3
S-5726,초등학교,경기도 성남시,무응답,중,학교 진로 상담 참여,2,3,5,1,4,1
S-5728,초등학교,경기도 성남시,무응답,중,학교 진로 상담 참여,1,1,2,2,4,3
S-5729,초등학교,경기도 성남시,무응답,하,학교 진로 상담 참여,2,4,1,1,3,4
S-5730,초등학교,경기도 성남시,무응답,상,학교 진로 상담 참여,5,4,4,4,3,4
S-5731,초등학교,경기도 성남시,무응답,중,학교 진로 상담 참여,2,3,2,1,2,5
S-5733,초등학교,경기도 성남시,무응답,상,학교 진로 상담 참여,5,4,2,2,2,2
S-5735,초등학교,경기도 성남시,무응답,하,학교 진로 상담 참여,4,1,3,4,2,5
S-5736,초등학교,경기도 성남시,무응답,상,학교 진로 상담 참여,5,2,3,4,3,5
S-5737,초등학교,경기도 성남시,무응답,하,학교 진로 상담 참여,4,2,2,4,3,1
S-5738,초등학교,경기도 성남시,무응답,하,학교 진로 상담 참여,5,3,3,1,3,5
S-5788,초등학교,경기도 성남시,무응답,중,학교 진로 상담 참여,4,4,3,5,4,3
S-5789,초등학교,경기도 성남시,무응답,중,학교 진로 상담 참여,4,5,5,1,4,5
S-5791,초등학교,경기도 성남시,무응답,상,학교 진로 상담 참여,5,4,4,4,2,2
S-5793,초등학교,경기도 성남시,무응답,하,학교 진로 상담 참여,3,1,5,2,3,1
S-5794,초등학교,경기도 성남시,무응답,상,학교 진로 상담 참여,3,3,5,4,3,4
S-5797,초등학교,경기도 성남시,무응답,중,학교 진로 상담 참여,4,3,4,2,1,2
S-5800,초등학교,경기도 성남시,무응답,상,학교 진로 상담 참여,2,4,4,4,3,3
S-5802,초등학교,경기도 성남시,무응답,상,학교 진로 상담 참여,2,3,3,2,1,3
S-5803,초등학교,경기도 성남시,무응답,상,학교 진로 상담 참여,5,2,5,4,3,5
S-5804,초등학교,경기도 성남시,무응답,상,학교 진로 상담 참여,1,3,4,5,2,5
S-5805,초등학교,경기도 성남시,무응답,상,학교 진로 상담 참여,4,1,5,1,2,2
S-5808,초등학교,경기도 성남시,무응답,상,학교 진로 상담 참여,1,3,5,1,1,4
S-5810,초등학교,경기도 성남시,무응답,상,학교 진로 상담 참여,5,4,1,1,3,3
S-5814,초등학교,경기도 성남시,무응답,중,학교 진로 상담 참여,3,2,3,5,1,5
S-5815,초등학교,경기도 성남시,무응답,하,학교 진로 상담 참여,4,1,1,1,3,3
S-5818,초등학교,경기도 성남시,무응답,중,학교 진로 상담 참여,5,4,1,1,4,4
S-5819,초등학교,경기도 성남시,무응답,상,학교 진로 상담 참여,5,2,3,1,3,4
S-5821,초등학교,경기도 성남시,무응답,하,학교 진로 상담 참여,4,3,2,1,4,2
S-5822,초등학교,경기도 성남시,무응답,하,학교 진로 상담 참여,1,5,2,1,2,5
S-5825,초등학교,경기도 성남시,무응답,중,학교 진로 상담 참여,2,1,3,3,4,4
S-5828,초등학교,경기도 성남시,무응답,중,학교 진로 상담 참여,2,3,3,1,4,4
S-5830,초등학교,경기도 성남시,무응답,하,학교 진로 상담 참여,5,2,2,4,4,3
S-5832,초등학교,경기도 성남시,무응답,상,학교 진로 상담 참여,3,1,3,5,5,1
S-5838,초등학교,경기도 성남시,무응답,하,학교 진로 상담 참여,5,2,4,4,4,5
S-5839,초등학교,경기도 성남시,무응답,하,학교 진로 상담 참여,5,3,4,3,4,3
S-5842,초등학교,경기도 성남시,무응답,상,학교 진로 상담 참여,2,5,4,3,3,2
S-5844,초등학교,경기도 성남시,무응답,중,학교 진로 상담 참여,2,2,5,5,3,5
S-5846,초등학교,경기도 성남시,무응답,하,학교 진로 상담 참여,2,4,3,4,2,2
S-5849,초등학교,경기도 성남시,무응답,하,학교 진로 상담 참여,2,3,3,1,2,1
S-5850,초등학교,경기도 성남시,무응답,하,학교 진로 상담 참여,4,4,5,1,2,3
S-5852,초등학교,경기도 성남시,무응답,상,학교 진로 상담 참여,1,4,5,2,4,5
S-5853,초등학교,경기도 성남시,무응답,상,학교 진로 상담 참여,2,1,2,3,2,4
S-5855,초등학교,경기도 성남시,무응답,상,학교 진로 상담 참여,3,5,2,2,5,3
S-5856,초등학교,경기도 성남시,무응답,상,학교 진로 상담 참여,4,1,2,4,2,1
S-5858,초등학교,경기도 성남시,무응답,상,학교 진로 상담 참여,5,2,2,4,3,2
S-5859,초등학교,경기도 성남시,무응답,중,학교 진로 상담 참여,2,5,5,5,5,5
S-5860,초등학교,경기도 성남시,무응답,중,학교 진로 상담 참여,3,2,3,1,1,4
S-5862,초등학교,경기도 성남시,무응답,상,학교 진로 상담 참여,4,5,5,1,1,1
S-5863,초등학교,경기도 성남시,무응답,상,학교 진로 상담 참여,1,4,3,3,1,1
S-5864,초등학교,경기도 성남시,무응답,중,학교 진로 상담 참여,1,4,4,4,2,3
S-5867,초등학교,경기도 성남시,무응답,하,학교 진로 상담 참여,1,3,3,2,2,3
S-5868,초등학교,경기도 성남시,무응답,하,학교 진로 상담 참여,4,2,4,3,1,1
S-5869,초등학교,경기도 성남시,무응답,상,학교 진로 상담 참여,1,3,1,2,5,2
S-5870,초등학교,경기도 성남시,무응답,하,학교 진로 상담 참여,3,3,5,1,4,4
S-5871,초등학교,경기도 성남시,무응답,상,학교 진로 상담 참여,1,4,4,3,2,4
S-5873,초등학교,경기도 성남시,무응답,중,학교 진로 상담 참여,2,4,3,4,1,2
S-5874,초등학교,경기도 성남시,무응답,하,학교 진로 상담 참여,5,5,3,5,4,2
S-5877,초등학교,경기도 성남시,무응답,중,학교 진로 상담 참여,5,4,4,3,2,4
S-5878,초등학교,경기도 성남시,무응답,상,학교 진로 상담 참여,5,4,3,2,5,5
S-5935,초등학교,경기도 성남시,무응답,하,학교 진로 상담 참여,4,4,3,1,3,2
S-5936,초등학교,경기도 성남시,무응답,상,학교 진로 상담 참여,3,3,4,1,3,2
S-5937,초등학교,경기도 성남시,무응답,중,학교 진로 상담 참여,5,3,4,2,5,3
S-5938,초등학교,경기도 성남시,무응답,중,학교 진로 상담 참여,1,1,3,3,2,3
S-5939,초등학교,경기도 성남시,무응답,하,학교 진로 상담 참여,4,5,2,5,3,5
S-5940,초등학교,경기도 성남시,무응답,중,학교 진로 상담 참여,1,1,1,5,3,1
S-6034,초등학교,경기도 성남시,무응답,하,학교 진로 상담 참여,3,3,2,4,2,2
S-6035,초등학교,경기도 성남시,무응답,하,학교 진로 상담 참여,3,5,2,1,1,1
S-6039,초등학교,경기도 성남시,무응답,상,학교 진로 상담 참여,2,5,5,1,5,5
S-6041,초등학교,경기도 성남시,무응답,중,학교 진로 상담 참여,2,1,3,1,2,5
S-6042,초등학교,경기도 성남시,무응답,중,학교 진로 상담 참여,5,1,2,4,5,4
S-6044,초등학교,경기도 성남시,무응답,중,학교 진로 상담 참여,2,3,1,4,2,2
S-6046,초등학교,경기도 성남시,무응답,중,학교 진로 상담 참여,5,5,3,5,2,1
S-6047,초등학교,경기도 성남시,무응답,중,학교 진로 상담 참여,1,1,2,5,5,3
S-6049,초등학교,경기도 성남시,무응답,상,학교 진로 상담 참여,5,1,3,4,1,5
S-6054,초등학교,경기도 성남시,무응답,중,학교 진로 상담 참여,5,3,5,3,2,4
S-6073,초등학교,경기도 성남시,무응답,상,학교 진로 상담 참여,1,3,1,3,1,3
S-6074,초등학교,경기도 성남시,무응답,중,학교 진로 상담 참여,1,2,3,2,2,1
S-6075,초등학교,경기도 성남시,무응답,상,학교 진로 상담 참여,5,2,5,5,2,5
S-6076,초등학교,경기도 성남시,무응답,상,학교 진로 상담 참여,1,1,5,2,5,5
S-6077,초등학교,경기도 성남시,무응답,상,학교 진로 상담 참여,5,5,5,4,4,2
S-6078,초등학교,경기도 성남시,무응답,하,학교 진로 상담 참여,5,2,5,1,5,2
S-6080,초등학교,경기도 성남시,무응답,상,학교 진로 상담 참여,3,2,4,3,1,2
S-6081,초등학교,경기도 성남시,무응답,상,학교 진로 상담 참여,2,5,3,5,2,2
S-6095,초등학교,경기도 성남시,무응답,상,학교 진로 상담 참여,5,1,3,5,2,1
S-6096,초등학교,경기도 성남시,무응답,하,학교 진로 상담 참여,3,4,1,3,4,4
S-6106,초등학교,경기도 성남시,무응답,상,학교 진로 상담 참여,3,3,1,2,5,2
S-6107,초등학교,경기도 성남시,무응답,상,학교 진로 상담 참여,1,2,2,2,1,2
S-6108,초등학교,경기도 성남시,무응답,중,학교 진로 상담 참여,2,1,5,1,2,5
S-6109,초등학교,경기도 성남시,무응답,상,학교 진로 상담 참여,4,4,3,2,2,2
S-6110,초등학교,경기도 성남시,무응답,하,학교 진로 상담 참여,2,1,2,3,5,5
S-6111,초등학교,경기도 성남시,무응답,중,학교 진로 상담 참여,1,5,4,2,2,2
S-6112,초등학교,경기도 성남시,무응답,중,학교 진로 상담 참여,2,3,3,2,4,5
S-6113,초등학교,경기도 성남시,무응답,중,학교 진로 상담 참여,4,5,3,1,4,2
S-6114,초등학교,경기도 성남시,무응답,하,학교 진로 상담 참여,1,5,2,5,3,5
S-6117,초등학교,경기도 성남시,무응답,하,학교 진로 상담 참여,4,4,3,1,1,5
S-6118,초등학교,경기도 성남시,무응답,중,학교 진로 상담 참여,2,3,2,5,5,2
S-6119,초등학교,경기도 성남시,무응답,하,학교 진로 상담 참여,1,2,4,1,5,3
S-6120,초등학교,경기도 성남시,무응답,상,학교 진로 상담 참여,1,4,3,3,5,3
S-6121,초등학교,경기도 성남시,무응답,중,학교 진로 상담 참여,1,1,1,3,5,3
S-6122,초등학교,경기도 성남시,무응답,중,학교 진로 상담 참여,4,3,1,5,2,4
S-6123,초등학교,경기도 성남시,무응답,상,학교 진로 상담 참여,1,5,4,2,5,2
S-6124,초등학교,경기도 성남시,무응답,중,학교 진로 상담 참여,1,2,2,3,1,3
S-6125,초등학교,경기도 성남시,무응답,상,학교 진로 상담 참여,5,3,3,2,5,4
S-6126,초등학교,경기도 성남시,무응답,중,학교 진로 상담 참여,4,5,3,4,4,5
S-6127,초등학교,경기도 성남시,무응답,상,학교 진로 상담 참여,5,2,2,1,3,2
S-6128,초등학교,경기도 성남시,무응답,중,학교 진로 상담 참여,1,1,2,5,1,5
S-6129,초등학교,경기도 성남시,무응답,중,학교 진로 상담 참여,2,1,1,2,4,5
S-6130,초등학교,경기도 성남시,무응답,중,학교 진로 상담 참여,2,5,4,2,1,5
S-6131,초등학교,경기도 성남시,무응답,하,학교 진로 상담 참여,5,4,3,2,1,1
S-6132,초등학교,경기도 성남시,무응답,하,학교 진로 상담 참여,3,3,4,5,1,1
S-6133,초등학교,경기도 성남시,무응답,상,학교 진로 상담 참여,3,4,5,5,4,3
S-6134,초등학교,경기도 성남시,무응답,중,학교 진로 상담 참여,4,5,3,5,4,3
S-6135,초등학교,경기도 성남시,무응답,중,학교 진로 상담 참여,1,1,2,3,4,3
S-6136,초등학교,경기도 성남시,무응답,상,학교 진로 상담 참여,3,4,1,3,4,5
S-6138,초등학교,경기도 성남시,무응답,상,학교 진로 상담 참여,4,1,1,2,2,4
S-6255,초등학교,경기도 성남시,여,하,학교 진로 상담 참여,3,3,3,3,3,3
S-6260,초등학교,경기도 파주시,남,하,학교 진로 상담 참여,5,5,5,3,4,3
S-6263,초등학교,경기도 성남시,무응답,중,학교 진로 상담 참여,4,2,4,4,2,3
S-6265,초등학교,경기도 남양주시,남,중,학교 진로 상담 참여,5,5,5,3,5,5
S-6269,초등학교,경기도 성남시,여,중,학교 진로 상담 참여,4,4,4,3,4,3
S-6271,초등학교,경기도 성남시,남,중,학교 진로 상담 참여,4,4,5,5,4,4
S-6277,초등학교,경기도 성남시,남,하,학교 진로 상담 참여,2,3,4,3,3,3
S-6284,초등학교,경기도 김포시,여,하,학교 진로 상담 참여,3,3,3,2,2,2
S-6286,초등학교,경기도 수원시,여,하,학교 진로 상담 참여,2,4,3,3,2,3
S-6303,초등학교,경기도 성남시,여,중,학교 진로 상담 참여,5,4,4,1,5,4
S-6309,초등학교,경기도 하남시,여,하,학교 진로 상담 참여,3,3,4,2,4,4
S-6318,초등학교,경기도 용인시,여,상,학교 진로 상담 참여,4,3,3,3,2,4
S-6329,초등학교,경기도 김포시,남,중,학교 진로 상담 참여,5,4,3,2,5,5
S-6338,초등학교,경기도 부천시,남,중,학교 진로 상담 참여,4,4,4,4,4,4
S-6342,초등학교,경기도 용인시,여,하,학교 진로 상담 참여,5,5,5,3,5,5
S-6344,초등학교,경기도 용인시,남,하,학교 진로 상담 참여,3,2,3,2,2,2
S-6345,초등학교,경기도 성남시,여,중,학교 진로 상담 참여,4,2,2,3,4,2
S-6349,초등학교,경기도 화성시,여,상,학교 진로 상담 참여,2,1,1,4,4,1
S-6351,초등학교,경기도 성남시,여,상,학교 진로 상담 참여,1,4,3,4,4,5
S-6358,초등학교,경기도 성남시,여,하,학교 진로 상담 참여,1,1,2,1,2,2
S-6359,초등학교,경기도 양주시,여,상,학교 진로 상담 참여,4,2,4,2,4,5
S-6364,초등학교,경기도 성남시,남,중,학교 진로 상담 참여,4,4,3,4,4,3
S-6367,초등학교,경기도 화성시,남,상,학교 진로 상담 참여,4,4,3,2,3,3
S-6368,초등학교,경기도 하남시,여,하,학교 진로 상담 참여,3,2,3,4,4,3
S-6375,초등학교,경기도 성남시,여,하,학교 진로 상담 참여,3,4,3,2,2,3
S-6385,초등학교,경기도 안산시,여,중,학교 진로 상담 참여,5,4,5,3,5,5
S-6393,초등학교,경기도 남양주시,여,상,학교 진로 상담 참여,2,3,3,2,2,4
S-6404,초등학교,경기도 성남시,여,중,학교 진로 상담 참여,3,2,4,2,3,2
S-6414,초등학교,경기도 성남시,여,상,학교 진로 상담 참여,4,5,4,3,5,3
S-6426,초등학교,경기도 성남시,남,상,학교 진로 상담 참여,4,3,4,2,2,4
S-6427,초등학교,경기도 용인시,여,중,학교 진로 상담 참여,5,4,4,4,4,4
S-6432,초등학교,경기도 수원시,여,하,학교 진로 상담 참여,5,4,4,4,5,4
S-6438,초등학교,경기도 안양시,남,중,학교 진로 상담 참여,5,5,3,4,4,4
S-6441,초등학교,경기도 광명시,남,중,학교 진로 상담 참여,3,4,3,2,4,4
S-6444,초등학교,경기도 양주시,여,중,학교 진로 상담 참여,4,4,4,4,5,5
S-6446,초등학교,경기도 고양시,남,하,학교 진로 상담 참여,4,4,4,4,4,4
S-6451,초등학교,경기도 파주시,여,하,학교 진로 상담 참여,4,3,5,4,2,5
S-6453,초등학교,경기도 광주시,남,하,학교 진로 상담 참여,3,2,1,1,3,3
S-6461,초등학교,경기도 파주시,여,상,학교 진로 상담 참여,5,5,4,3,4,4
S-6463,초등학교,경기도 성남시,무응답,상,학교 진로 상담 참여,5,1,5,3,2,1
S-6465,초등학교,경기도 성남시,무응답,상,학교 진로 상담 참여,5,5,4,2,2,2
S-6475,초등학교,경기도 성남시,무응답,중,학교 진로 상담 참여,1,2,1,4,2,4
S-6477,초등학교,경기도 성남시,무응답,상,학교 진로 상담 참여,3,4,3,3,3,3
S-6478,초등학교,경기도 성남시,무응답,상,학교 진로 상담 참여,2,5,1,2,4,3
S-6479,초등학교,경기도 성남시,무응답,하,학교 진로 상담 참여,4,4,1,4,2,1
S-6480,초등학교,경기도 성남시,무응답,상,학교 진로 상담 참여,1,1,3,2,1,4
S-6481,초등학교,경기도 성남시,무응답,상,학교 진로 상담 참여,3,3,2,5,3,2
S-6482,초등학교,경기도 성남시,무응답,상,학교 진로 상담 참여,4,3,4,4,2,3
S-6483,초등학교,경기도 성남시,무응답,하,학교 진로 상담 참여,5,4,2,4,2,3
S-6484,초등학교,경기도 성남시,무응답,상,학교 진로 상담 참여,1,4,5,1,1,2
S-6486,초등학교,경기도 성남시,무응답,하,학교 진로 상담 참여,4,4,5,5,5,3
S-6487,초등학교,경기도 성남시,무응답,상,학교 진로 상담 참여,3,5,5,1,4,3
S-6488,초등학교,경기도 성남시,무응답,하,학교 진로 상담 참여,3,1,5,2,2,4
S-6553,초등학교,경기도 성남시,무응답,중,학교 진로 상담 참여,5,3,5,4,2,3
S-6554,초등학교,경기도 성남시,무응답,하,학교 진로 상담 참여,2,1,3,3,4,2
S-6555,초등학교,경기도 성남시,무응답,상,학교 진로 상담 참여,1,4,2,2,3,4
S-6558,초등학교,경기도 성남시,무응답,하,학교 진로 상담 참여,3,3,5,1,2,1
S-6559,초등학교,경기도 성남시,무응답,중,학교 진로 상담 참여,2,2,2,3,1,5
S-6568,초등학교,경기도 성남시,무응답,중,학교 진로 상담 참여,3,3,1,5,3,1
S-6669,초등학교,경기도 성남시,여,상,학교 진로 상담 참여,3,2,4,2,2,4
S-6675,초등학교,경기도 성남시,여,상,학교 진로 상담 참여,5,3,4,3,4,3
S-6724,초등학교,경기도 성남시,무응답,중,학교 진로 상담 참여,1,2,1,5,1,4
S-6726,초등학교,경기도 양평군,여,하,학교 진로 상담 참여,5,5,4,3,3,3
S-6800,초등학교,경기도 성남시,여,중,학교 진로 상담 참여,3,3,3,2,2,2
S-6832,초등학교,경기도 용인시,여,상,학교 진로 상담 참여,5,4,4,4,5,3
S-6885,초등학교,경기도 성남시,무응답,중,학교 진로 상담 참여,2,2,5,5,2,3
S-6905,초등학교,경기도 광주시,여,중,학교 진로 상담 참여,4,5,3,2,5,5
